
#
# Data for the `estado` table  (LIMIT 0,500)
#

INSERT INTO `estado` (`est_id`, `est_nome`, `est_sigla`) VALUES 
  (1,'Acre','AC'),
  (2,'Alagoas','AL'),
  (3,'Amapá','AP'),
  (4,'Amazonas','AM'),
  (5,'Bahia','BA'),
  (6,'Ceará','CE'),
  (7,'Distrito Federal','DF'),
  (8,'Espírito Santo','ES'),
  (9,'Goiás','GO'),
  (10,'Maranhão','MA'),
  (11,'Mato Grosso','MT'),
  (12,'Mato Grosso do Sul','MS'),
  (13,'Minas Gerais','MG'),
  (14,'Pará','PA'),
  (15,'Paraíba','PB'),
  (16,'Paraná','PR'),
  (17,'Pernambuco','PE'),
  (18,'Piauí','PI'),
  (19,'Rio de Janeiro','RJ'),
  (20,'Rio Grande do Norte','RN'),
  (21,'Rio Grande do Sul','RS'),
  (22,'Rondônia','RO'),
  (23,'Roraima','RR'),
  (24,'Santa Catarina','SC'),
  (25,'São Paulo','SP'),
  (26,'Sergipe','SE'),
  (27,'Tocantins','TO');

COMMIT;

#
# Data for the `cidade` table  (LIMIT 0,500)
#

INSERT INTO `cidade` (`cid_id`, `est_id`, `cid_nome`) VALUES 
  (1,1,'Acrelândia'),
  (2,1,'Assis Brasil'),
  (3,1,'Brasiléia'),
  (4,1,'Bujari'),
  (5,1,'Capixaba'),
  (6,1,'Cruzeiro do Sul'),
  (7,1,'Epitaciolândia'),
  (8,1,'Feijó'),
  (9,1,'Jordão'),
  (10,1,'Mâncio Lima'),
  (11,1,'Manoel Urbano'),
  (12,1,'Marechal Thaumaturgo'),
  (13,1,'Plácido de Castro'),
  (14,1,'Porto Acre'),
  (15,1,'Porto Walter'),
  (16,1,'Rio Branco'),
  (17,1,'Rodrigues Alves'),
  (18,1,'Santa Rosa do Purus'),
  (19,1,'Sena Madureira'),
  (20,1,'Senador Guiomard'),
  (21,1,'Tarauacá'),
  (22,1,'Xapuri'),
  (23,2,'gua Branca'),
  (24,2,'Anadia'),
  (25,2,'Arapiraca'),
  (26,2,'Atalaia'),
  (27,2,'Barra de Santo Antnio'),
  (28,2,'Barra de So Miguel'),
  (29,2,'Batalha'),
  (30,2,'Belm'),
  (31,2,'Belo Monte'),
  (32,2,'Boca da Mata'),
  (33,2,'Branquinha'),
  (34,2,'Cacimbinhas'),
  (35,2,'Cajueiro'),
  (36,2,'Campestre'),
  (37,2,'Campo Alegre'),
  (38,2,'Campo Grande'),
  (39,2,'Canapi'),
  (40,2,'Capela'),
  (41,2,'Carneiros'),
  (42,2,'Ch Preta'),
  (43,2,'Coit do Nia'),
  (44,2,'Colnia Leopoldina'),
  (45,2,'Coqueiro Seco'),
  (46,2,'Coruripe'),
  (47,2,'Crabas'),
  (48,2,'Delmiro Gouveia'),
  (49,2,'Dois Riachos'),
  (50,2,'Estrela de Alagoas'),
  (51,2,'Feira Grande'),
  (52,2,'Feliz Deserto'),
  (53,2,'Flexeiras'),
  (54,2,'Girau do Ponciano'),
  (55,2,'Ibateguara'),
  (56,2,'Igaci'),
  (57,2,'Igreja Nova'),
  (58,2,'Inhapi'),
  (59,2,'Jacar dos Homens'),
  (60,2,'Jacupe'),
  (61,2,'Japaratinga'),
  (62,2,'Jaramataia'),
  (63,2,'Joaquim Gomes'),
  (64,2,'Jundi'),
  (65,2,'Junqueiro'),
  (66,2,'Lagoa da Canoa'),
  (67,2,'Limoeiro de Anadia'),
  (68,2,'Macei'),
  (69,2,'Major Isidoro'),
  (70,2,'Mar Vermelho'),
  (71,2,'Maragogi'),
  (72,2,'Maravilha'),
  (73,2,'Marechal Deodoro'),
  (74,2,'Maribondo'),
  (75,2,'Mata Grande'),
  (76,2,'Matriz de Camaragibe'),
  (77,2,'Messias'),
  (78,2,'Minador do Negro'),
  (79,2,'Monteirpolis'),
  (80,2,'Murici'),
  (81,2,'Novo Lino'),
  (82,2,'Olho d`gua das Flores'),
  (83,2,'Olho d`gua do Casado'),
  (84,2,'Olho d`gua Grande'),
  (85,2,'Olivena'),
  (86,2,'Ouro Branco'),
  (87,2,'Palestina'),
  (88,2,'Palmeira dos ndios'),
  (89,2,'Po de Acar'),
  (90,2,'Pariconha'),
  (91,2,'Paripueira'),
  (92,2,'Passo de Camaragibe'),
  (93,2,'Paulo Jacinto'),
  (94,2,'Penedo'),
  (95,2,'Piaabuu'),
  (96,2,'Pilar'),
  (97,2,'Pindoba'),
  (98,2,'Piranhas'),
  (99,2,'Poo das Trincheiras'),
  (100,2,'Porto Calvo'),
  (101,2,'Porto de Pedras'),
  (102,2,'Porto Real do Colgio'),
  (103,2,'Quebrangulo'),
  (104,2,'Rio Largo'),
  (105,2,'Roteiro'),
  (106,2,'Santa Luzia do Norte'),
  (107,2,'Santana do Ipanema'),
  (108,2,'Santana do Munda'),
  (109,2,'So Brs'),
  (110,2,'So Jos da Laje'),
  (111,2,'So Jos da Tapera'),
  (112,2,'So Lus do Quitunde'),
  (113,2,'So Miguel dos Campos'),
  (114,2,'So Miguel dos Milagres'),
  (115,2,'So Sebastio'),
  (116,2,'Satuba'),
  (117,2,'Senador Rui Palmeira'),
  (118,2,'Tanque d`Arca'),
  (119,2,'Taquarana'),
  (120,2,'Teotnio Vilela'),
  (121,2,'Traipu'),
  (122,2,'Unio dos Palmares'),
  (123,2,'Viosa'),
  (124,3,'Amap'),
  (125,3,'Caloene'),
  (126,3,'Cutias'),
  (127,3,'Ferreira Gomes'),
  (128,3,'Itaubal'),
  (129,3,'Laranjal do Jari'),
  (130,3,'Macap'),
  (131,3,'Mazago'),
  (132,3,'Oiapoque'),
  (133,3,'Pedra Branca do Amapar'),
  (134,3,'Porto Grande'),
  (135,3,'Pracuba'),
  (136,3,'Santana'),
  (137,3,'Serra do Navio'),
  (138,3,'Tartarugalzinho'),
  (139,3,'Vitria do Jari'),
  (140,4,'Alvares'),
  (141,4,'Amatur'),
  (142,4,'nam'),
  (143,4,'Anori'),
  (144,4,'Apu'),
  (145,4,'Atalaia do Norte'),
  (146,4,'Autazes'),
  (147,4,'Barcelos'),
  (148,4,'Barreirinha'),
  (149,4,'Benjamin Constant'),
  (150,4,'Beruri'),
  (151,4,'Boa Vista do Ramos'),
  (152,4,'Boca do Acre'),
  (153,4,'Borba'),
  (154,4,'Caapiranga'),
  (155,4,'Canutama'),
  (156,4,'Carauari'),
  (157,4,'Careiro'),
  (158,4,'Careiro da Vrzea'),
  (159,4,'Coari'),
  (160,4,'Codajs'),
  (161,4,'Eirunep'),
  (162,4,'Envira'),
  (163,4,'Fonte Boa'),
  (164,4,'Guajar'),
  (165,4,'Humait'),
  (166,4,'Ipixuna'),
  (167,4,'Iranduba'),
  (168,4,'Itacoatiara'),
  (169,4,'Itamarati'),
  (170,4,'Itapiranga'),
  (171,4,'Japur'),
  (172,4,'Juru'),
  (173,4,'Juta'),
  (174,4,'Lbrea'),
  (175,4,'Manacapuru'),
  (176,4,'Manaquiri'),
  (177,4,'Manaus'),
  (178,4,'Manicor'),
  (179,4,'Mara'),
  (180,4,'Maus'),
  (181,4,'Nhamund'),
  (182,4,'Nova Olinda do Norte'),
  (183,4,'Novo Airo'),
  (184,4,'Novo Aripuan'),
  (185,4,'Parintins'),
  (186,4,'Pauini'),
  (187,4,'Presidente Figueiredo'),
  (188,4,'Rio Preto da Eva'),
  (189,4,'Santa Isabel do Rio Negro'),
  (190,4,'Santo Antnio do I'),
  (191,4,'So Gabriel da Cachoeira'),
  (192,4,'So Paulo de Olivena'),
  (193,4,'So Sebastio do Uatum'),
  (194,4,'Silves'),
  (195,4,'Tabatinga'),
  (196,4,'Tapau'),
  (197,4,'Tef'),
  (198,4,'Tonantins'),
  (199,4,'Uarini'),
  (200,4,'Urucar'),
  (201,4,'Urucurituba'),
  (202,5,'Abaíra'),
  (203,5,'Abaré'),
  (204,5,'Acajutiba'),
  (205,5,'Adustina'),
  (206,5,'Água Fria'),
  (207,5,'Aiquara'),
  (208,5,'Alagoinhas'),
  (209,5,'Alcobaça'),
  (210,5,'Almadina'),
  (211,5,'Amargosa'),
  (212,5,'Amélia Rodrigues'),
  (213,5,'América Dourada'),
  (214,5,'Anagé'),
  (215,5,'Andaraí'),
  (216,5,'Andorinha'),
  (217,5,'Angical'),
  (218,5,'Anguera'),
  (219,5,'Antas'),
  (220,5,'Antônio Cardoso'),
  (221,5,'Antônio Gonçalves'),
  (222,5,'Aporá'),
  (223,5,'Apuarema'),
  (224,5,'Araças'),
  (225,5,'Aracatu'),
  (226,5,'Araci'),
  (227,5,'Aramari'),
  (228,5,'Arataca'),
  (229,5,'Aratuípe'),
  (230,5,'Aurelino Leal'),
  (231,5,'Baianópolis'),
  (232,5,'Baixa Grande'),
  (233,5,'Banzaê'),
  (234,5,'Barra'),
  (235,5,'Barra da Estiva'),
  (236,5,'Barra do Choça'),
  (237,5,'Barra do\r\n Mendes'),
  (238,5,'Barra do Rocha'),
  (239,5,'Barreiras'),
  (240,5,'Barro Alto'),
  (241,5,'Belmonte'),
  (242,5,'Belo Campo'),
  (243,5,'Biritinga'),
  (244,5,'Boa Nova'),
  (245,5,'Boa Vista do Tupim'),
  (246,5,'Bom Jesus da Lapa'),
  (247,5,'Bom Jesus da Serra'),
  (248,5,'Boninal'),
  (249,5,'Bonito'),
  (250,5,'Boquira'),
  (251,5,'Botuporã'),
  (252,5,'Brejões'),
  (253,5,'Brejolândia'),
  (254,5,'Brotas de Macaúbas'),
  (255,5,'Brumado'),
  (256,5,'Buerarema'),
  (257,5,'Buritirama'),
  (258,5,'Caatiba'),
  (259,5,'Cabaceiras do Paraguaçu'),
  (260,5,'Cachoeira'),
  (261,5,'Caculé'),
  (262,5,'Caém'),
  (263,5,'Caetanos'),
  (264,5,'Caetité'),
  (265,5,'Cafarnaum'),
  (266,5,'Cairu'),
  (267,5,'Caldeirão Grande'),
  (268,5,'Camacan'),
  (269,5,'Camaçari'),
  (270,5,'Camamu'),
  (271,5,'Campo Alegre de Lourdes'),
  (272,5,'Campo Formoso'),
  (273,5,'Canápolis'),
  (274,5,'Canarana'),
  (275,5,'Canavieiras'),
  (276,5,'Candeal'),
  (277,5,'Candeias'),
  (278,5,'Candiba'),
  (279,5,'Cândido Sales'),
  (280,5,'Cansanção'),
  (281,5,'Canudos'),
  (282,5,'Capela do Alto Alegre'),
  (283,5,'Capim Grosso'),
  (284,5,'Caraíbas'),
  (285,5,'Caravelas'),
  (286,5,'Cardeal da Silva'),
  (287,5,'Carinhanha'),
  (288,5,'Casa Nova'),
  (289,5,'Castro Alves'),
  (290,5,'Catolândia'),
  (291,5,'Catu'),
  (292,5,'Caturama'),
  (293,5,'Central'),
  (294,5,'Chorrochó'),
  (295,5,'Cícero Dantas'),
  (296,5,'Cipó'),
  (297,5,'Coaraci'),
  (298,5,'Cocos'),
  (299,5,'Conceição da Feira'),
  (300,5,'Conceição do Almeida'),
  (301,5,'Conceição do Coité'),
  (302,5,'Conceição do Jacuípe'),
  (303,5,'Conde'),
  (304,5,'Condeúba'),
  (305,5,'Contendas do Sincorá'),
  (306,5,'Coração de Maria'),
  (307,5,'Cordeiros'),
  (308,5,'Coribe'),
  (309,5,'Coronel João Sá'),
  (310,5,'Correntina'),
  (311,5,'Cotegipe'),
  (312,5,'Cravolândia'),
  (313,5,'Crisópolis'),
  (314,5,'Cristópolis'),
  (315,5,'Cruz das Almas'),
  (316,5,'Curaçá'),
  (317,5,'Dário Meira'),
  (318,5,'Dias d`Ávila'),
  (319,5,'Dom Basílio'),
  (320,5,'Dom Macedo Costa'),
  (321,5,'Elísio Medrado'),
  (322,5,'Encruzilhada'),
  (323,5,'Entre Rios'),
  (324,5,'Érico Cardoso'),
  (325,5,'Esplanada'),
  (326,5,'Euclides da Cunha'),
  (327,5,'Eunápolis'),
  (328,5,'Fátima'),
  (329,5,'Feira da Mata'),
  (330,5,'Feira de Santana'),
  (331,5,'Filadélfia'),
  (332,5,'Firmino Alves'),
  (333,5,'Floresta Azul'),
  (334,5,'Formosa do Rio Preto'),
  (335,5,'Gandu'),
  (336,5,'Gavião'),
  (337,5,'Gentio do Ouro'),
  (338,5,'Glória'),
  (339,5,'Gongogi'),
  (340,5,'Governador Lomanto Júnior'),
  (341,5,'Governador Mangabeira'),
  (342,5,'Guajeru'),
  (343,5,'Guanambi'),
  (344,5,'Guaratinga'),
  (345,5,'Heliópolis'),
  (346,5,'Iaçu'),
  (347,5,'Ibiassucê'),
  (348,5,'Ibicaraí'),
  (349,5,'Ibicoara'),
  (350,5,'Ibicuí'),
  (351,5,'Ibipeba'),
  (352,5,'Ibipitanga'),
  (353,5,'Ibiquera'),
  (354,5,'Ibirapitanga'),
  (355,5,'Ibirapuã'),
  (356,5,'Ibirataia'),
  (357,5,'Ibitiara'),
  (358,5,'Ibititá'),
  (359,5,'Ibotirama'),
  (360,5,'Ichu'),
  (361,5,'Igaporã'),
  (362,5,'Igrapiúna'),
  (363,5,'Iguaí'),
  (364,5,'Ilhéus'),
  (365,5,'Inhambupe'),
  (366,5,'Ipecaetá'),
  (367,5,'Ipiaú'),
  (368,5,'Ipirá'),
  (369,5,'Ipupiara'),
  (370,5,'Irajuba'),
  (371,5,'Iramaia'),
  (372,5,'Iraquara'),
  (373,5,'Irará'),
  (374,5,'Irecê'),
  (375,5,'Itabela'),
  (376,5,'Itaberaba'),
  (377,5,'Itabuna'),
  (378,5,'Itacaré'),
  (379,5,'Itaeté'),
  (380,5,'Itagi'),
  (381,5,'Itagibá'),
  (382,5,'Itagimirim'),
  (383,5,'Itaguaçu da Bahia'),
  (384,5,'Itaju do Colônia'),
  (385,5,'Itajuípe'),
  (386,5,'Itamaraju'),
  (387,5,'Itamari'),
  (388,5,'Itambé'),
  (389,5,'Itanagra'),
  (390,5,'Itanhém'),
  (391,5,'Itaparica'),
  (392,5,'Itapé'),
  (393,5,'Itapebi'),
  (394,5,'Itapetinga'),
  (395,5,'Itapicuru'),
  (396,5,'Itapitanga'),
  (397,5,'Itaquara'),
  (398,5,'Itarantim'),
  (399,5,'Itatim'),
  (400,5,'Itiruçu'),
  (401,5,'Itiúba'),
  (402,5,'Itororó'),
  (403,5,'Ituaçu'),
  (404,5,'Ituberá'),
  (405,5,'Iuiú'),
  (406,5,'Jaborandi'),
  (407,5,'Jacaraci'),
  (408,5,'Jacobina'),
  (409,5,'Jaguaquara'),
  (410,5,'Jaguarari'),
  (411,5,'Jaguaripe'),
  (412,5,'Jandaíra'),
  (413,5,'Jequié'),
  (414,5,'Jeremoabo'),
  (415,5,'Jiquiriçá'),
  (416,5,'Jitaúna'),
  (417,5,'João Dourado'),
  (418,5,'Juazeiro'),
  (419,5,'Jucuruçu'),
  (420,5,'Jussara'),
  (421,5,'Jussari'),
  (422,5,'Jussiape'),
  (423,5,'Lafaiete Coutinho'),
  (424,5,'Lagoa Real'),
  (425,5,'Laje'),
  (426,5,'Lajedão'),
  (427,5,'Lajedinho'),
  (428,5,'Lajedo do Tabocal'),
  (429,5,'Lamarão'),
  (430,5,'Lapão'),
  (431,5,'Lauro de Freitas'),
  (432,5,'Lençóis'),
  (433,5,'Licínio de Almeida'),
  (434,5,'Livramento de Nossa Senhora'),
  (435,5,'Macajuba'),
  (436,5,'Macarani'),
  (437,5,'Macaúbas'),
  (438,5,'Macururé'),
  (439,5,'Madre de Deus'),
  (440,5,'Maetinga'),
  (441,5,'Maiquinique'),
  (442,5,'Mairi'),
  (443,5,'Malhada'),
  (444,5,'Malhada de Pedras'),
  (445,5,'Manoel Vitorino'),
  (446,5,'Mansidão'),
  (447,5,'Maracás'),
  (448,5,'Maragogipe'),
  (449,5,'Maraú'),
  (450,5,'Marcionílio Souza'),
  (451,5,'Mascote'),
  (452,5,'Mata de São João'),
  (453,5,'Matina'),
  (454,5,'Medeiros Neto'),
  (455,5,'Miguel Calmon'),
  (456,5,'Milagres'),
  (457,5,'Mirangaba'),
  (458,5,'Mirante'),
  (459,5,'Monte Santo'),
  (460,5,'Morpará'),
  (461,5,'Morro do Chapéu'),
  (462,5,'Mortugaba'),
  (463,5,'Mucugê'),
  (464,5,'Mucuri'),
  (465,5,'Mulungu do Morro'),
  (466,5,'Mundo Novo'),
  (467,5,'Muniz Ferreira'),
  (468,5,'Muquém de São Francisco'),
  (469,5,'Muritiba'),
  (470,5,'Mutuípe'),
  (471,5,'Nazaré'),
  (472,5,'Nilo Peçanha'),
  (473,5,'Nordestina'),
  (474,5,'Nova Canaã'),
  (475,5,'Nova Fátima'),
  (476,5,'Nova Ibiá'),
  (477,5,'Nova Itarana'),
  (478,5,'Nova Redenção'),
  (479,5,'Nova Soure'),
  (480,5,'Nova Viçosa'),
  (481,5,'Novo Horizonte'),
  (482,5,'Novo Triunfo'),
  (483,5,'Olindina'),
  (484,5,'Oliveira dos Brejinhos'),
  (485,5,'Ouriçangas'),
  (486,5,'Ourolândia'),
  (487,5,'Palmas de Monte Alto'),
  (488,5,'Palmeiras'),
  (489,5,'Paramirim'),
  (490,5,'Paratinga'),
  (491,5,'Paripiranga'),
  (492,5,'Pau Brasil'),
  (493,5,'Paulo Afonso'),
  (494,5,'Pé de Serra'),
  (495,5,'Pedrão'),
  (496,5,'Pedro Alexandre'),
  (497,5,'Piatã'),
  (498,5,'Pilão Arcado'),
  (499,5,'Pindaí'),
  (500,5,'Pindobaçu');

COMMIT;

#
# Data for the `cidade` table  (LIMIT 500,500)
#

INSERT INTO `cidade` (`cid_id`, `est_id`, `cid_nome`) VALUES 
  (1001,9,'Jandaia'),
  (1002,9,'Jaragu'),
  (1003,9,'Jata'),
  (1004,9,'Jaupaci'),
  (1005,9,'Jespolis'),
  (1006,9,'Jovinia'),
  (1007,9,'Jussara'),
  (1008,9,'Leopoldo de Bulhes'),
  (1009,9,'Luzinia'),
  (1010,9,'Mairipotaba'),
  (1011,9,'Mamba'),
  (1012,9,'Mara Rosa'),
  (1013,9,'Marzago'),
  (1014,9,'Matrinch'),
  (1015,9,'Maurilndia'),
  (1016,9,'Mimoso de Gois'),
  (1017,9,'Minau'),
  (1018,9,'Mineiros'),
  (1019,9,'Moipor'),
  (1020,9,'Monte Alegre de Gois'),
  (1021,9,'Montes Claros de Gois'),
  (1022,9,'Montividiu'),
  (1023,9,'Montividiu do Norte'),
  (1024,9,'Morrinhos'),
  (1025,9,'Morro Agudo de Gois'),
  (1026,9,'Mossmedes'),
  (1027,9,'Mozarlndia'),
  (1028,9,'Mundo Novo'),
  (1029,9,'Mutunpolis'),
  (1030,9,'Nazrio'),
  (1031,9,'Nerpolis'),
  (1032,9,'Niquelndia'),
  (1033,9,'Nova Amrica'),
  (1034,9,'Nova Aurora'),
  (1035,9,'Nova Crixs'),
  (1036,9,'Nova Glria'),
  (1037,9,'Nova Iguau de Gois'),
  (1038,9,'Nova Roma'),
  (1039,9,'Nova Veneza'),
  (1040,9,'Novo Brasil'),
  (1041,9,'Novo Gama'),
  (1042,9,'Novo Planalto'),
  (1043,9,'Orizona'),
  (1044,9,'Ouro Verde de Gois'),
  (1045,9,'Ouvidor'),
  (1046,9,'Padre Bernardo'),
  (1047,9,'Palestina de Gois'),
  (1048,9,'Palmeiras de Gois'),
  (1049,9,'Palmelo'),
  (1050,9,'Palminpolis'),
  (1051,9,'Panam'),
  (1052,9,'Paranaiguara'),
  (1053,9,'Parana'),
  (1054,9,'Perolndia'),
  (1055,9,'Petrolina de Gois'),
  (1056,9,'Pilar de Gois'),
  (1057,9,'Piracanjuba'),
  (1058,9,'Piranhas'),
  (1059,9,'Pirenpolis'),
  (1060,9,'Pires do Rio'),
  (1061,9,'Planaltina'),
  (1062,9,'Pontalina'),
  (1063,9,'Porangatu'),
  (1064,9,'Porteiro'),
  (1065,9,'Portelndia'),
  (1066,9,'Posse'),
  (1067,9,'Professor Jamil'),
  (1068,9,'Quirinpolis'),
  (1069,9,'Rialma'),
  (1070,9,'Rianpolis'),
  (1071,9,'Rio Quente'),
  (1072,9,'Rio Verde'),
  (1073,9,'Rubiataba'),
  (1074,9,'Sanclerlndia'),
  (1075,9,'Santa Brbara de Gois'),
  (1076,9,'Santa Cruz de Gois'),
  (1077,9,'Santa F de Gois'),
  (1078,9,'Santa Helena de Gois'),
  (1079,9,'Santa Isabel'),
  (1080,9,'Santa Rita do Araguaia'),
  (1081,9,'Santa Rita do Novo Destino'),
  (1082,9,'Santa Rosa de Gois'),
  (1083,9,'Santa Tereza de Gois'),
  (1084,9,'Santa Terezinha de Gois'),
  (1085,9,'Santo Antnio da Barra'),
  (1086,9,'Santo Antnio de Gois'),
  (1087,9,'Santo Antnio do Descoberto'),
  (1088,9,'So Domingos'),
  (1089,9,'So Francisco de Gois'),
  (1090,9,'So Joo d`Aliana'),
  (1091,9,'So Joo da Parana'),
  (1092,9,'So Lus de Montes Belos'),
  (1093,9,'So Luz do Norte'),
  (1094,9,'So Miguel do Araguaia'),
  (1095,9,'So Miguel do Passa Quatro'),
  (1096,9,'So Patrcio'),
  (1097,9,'So Simo'),
  (1098,9,'Senador Canedo'),
  (1099,9,'Serranpolis'),
  (1100,9,'Silvnia'),
  (1101,9,'Simolndia'),
  (1102,9,'Stio d`Abadia'),
  (1103,9,'Taquaral de Gois'),
  (1104,9,'Teresina de Gois'),
  (1105,9,'Terezpolis de Gois'),
  (1106,9,'Trs Ranchos'),
  (1107,9,'Trindade'),
  (1108,9,'Trombas'),
  (1109,9,'Turvnia'),
  (1110,9,'Turvelndia'),
  (1111,9,'Uirapuru'),
  (1112,9,'Uruau'),
  (1113,9,'Uruana'),
  (1114,9,'Uruta'),
  (1115,9,'Valparaso de Gois'),
  (1116,9,'Varjo'),
  (1117,9,'Vianpolis'),
  (1118,9,'Vicentinpolis'),
  (1119,9,'Vila Boa'),
  (1120,9,'Vila Propcio'),
  (1121,10,'Aailndia'),
  (1122,10,'Afonso Cunha'),
  (1123,10,'gua Doce do Maranho'),
  (1124,10,'Alcntara'),
  (1125,10,'Aldeias Altas'),
  (1126,10,'Altamira do Maranho'),
  (1127,10,'Alto Alegre do Maranho'),
  (1128,10,'Alto Alegre do Pindar'),
  (1129,10,'Alto Parnaba'),
  (1130,10,'Amap do Maranho'),
  (1131,10,'Amarante do Maranho'),
  (1132,10,'Anajatuba'),
  (1133,10,'Anapurus'),
  (1134,10,'Apicum-Au'),
  (1135,10,'Araguan'),
  (1136,10,'Araioses'),
  (1137,10,'Arame'),
  (1138,10,'Arari'),
  (1139,10,'Axix'),
  (1140,10,'Bacabal'),
  (1141,10,'Bacabeira'),
  (1142,10,'Bacuri'),
  (1143,10,'Bacurituba'),
  (1144,10,'Balsas'),
  (1145,10,'Baro de Graja'),
  (1146,10,'Barra do Corda'),
  (1147,10,'Barreirinhas'),
  (1148,10,'Bela Vista do Maranho'),
  (1149,10,'Belgua'),
  (1150,10,'Benedito Leite'),
  (1151,10,'Bequimo'),
  (1152,10,'Bernardo do Mearim'),
  (1153,10,'Boa Vista do Gurupi'),
  (1154,10,'Bom Jardim'),
  (1155,10,'Bom Jesus das Selvas'),
  (1156,10,'Bom Lugar'),
  (1157,10,'Brejo'),
  (1158,10,'Brejo de Areia'),
  (1159,10,'Buriti'),
  (1160,10,'Buriti Bravo'),
  (1161,10,'Buriticupu'),
  (1162,10,'Buritirana'),
  (1163,10,'Cachoeira Grande'),
  (1164,10,'Cajapi'),
  (1165,10,'Cajari'),
  (1166,10,'Campestre do Maranho'),
  (1167,10,'Cndido Mendes'),
  (1168,10,'Cantanhede'),
  (1169,10,'Capinzal do Norte'),
  (1170,10,'Carolina'),
  (1171,10,'Carutapera'),
  (1172,10,'Caxias'),
  (1173,10,'Cedral'),
  (1174,10,'Central do Maranho'),
  (1175,10,'Centro do Guilherme'),
  (1176,10,'Centro Novo do Maranho'),
  (1177,10,'Chapadinha'),
  (1178,10,'Cidelndia'),
  (1179,10,'Cod'),
  (1180,10,'Coelho Neto'),
  (1181,10,'Colinas'),
  (1182,10,'Conceio do Lago-Au'),
  (1183,10,'Coroat'),
  (1184,10,'Cururupu'),
  (1185,10,'Davinpolis'),
  (1186,10,'Dom Pedro'),
  (1187,10,'Duque Bacelar'),
  (1188,10,'Esperantinpolis'),
  (1189,10,'Estreito'),
  (1190,10,'Feira Nova do Maranho'),
  (1191,10,'Fernando Falco'),
  (1192,10,'Formosa da Serra Negra'),
  (1193,10,'Fortaleza dos Nogueiras'),
  (1194,10,'Fortuna'),
  (1195,10,'Godofredo Viana'),
  (1196,10,'Gonalves Dias'),
  (1197,10,'Governador Archer'),
  (1198,10,'Governador Edison Lobo'),
  (1199,10,'Governador Eugnio Barros'),
  (1200,10,'Governador Luiz Rocha'),
  (1201,10,'Governador Newton Bello'),
  (1202,10,'Governador Nunes Freire'),
  (1203,10,'Graa Aranha'),
  (1204,10,'Graja'),
  (1205,10,'Guimares'),
  (1206,10,'Humberto de Campos'),
  (1207,10,'Icatu'),
  (1208,10,'Igarap do Meio'),
  (1209,10,'Igarap Grande'),
  (1210,10,'Imperatriz'),
  (1211,10,'Itaipava do Graja'),
  (1212,10,'Itapecuru Mirim'),
  (1213,10,'Itinga do Maranho'),
  (1214,10,'Jatob'),
  (1215,10,'Jenipapo dos Vieiras'),
  (1216,10,'Joo Lisboa'),
  (1217,10,'Joselndia'),
  (1218,10,'Junco do Maranho'),
  (1219,10,'Lago da Pedra'),
  (1220,10,'Lago do Junco'),
  (1221,10,'Lago dos Rodrigues'),
  (1222,10,'Lago Verde'),
  (1223,10,'Lagoa do Mato'),
  (1224,10,'Lagoa Grande do Maranho'),
  (1225,10,'Lajeado Novo'),
  (1226,10,'Lima Campos'),
  (1227,10,'Loreto'),
  (1228,10,'Lus Domingues'),
  (1229,10,'Magalhes de Almeida'),
  (1230,10,'Maracaum'),
  (1231,10,'Maraj do Sena'),
  (1232,10,'Maranhozinho'),
  (1233,10,'Mata Roma'),
  (1234,10,'Matinha'),
  (1235,10,'Mates'),
  (1236,10,'Mates do Norte'),
  (1237,10,'Milagres do Maranho'),
  (1238,10,'Mirador'),
  (1239,10,'Miranda do Norte'),
  (1240,10,'Mirinzal'),
  (1241,10,'Mono'),
  (1242,10,'Montes Altos'),
  (1243,10,'Morros'),
  (1244,10,'Nina Rodrigues'),
  (1245,10,'Nova Colinas'),
  (1246,10,'Nova Iorque'),
  (1247,10,'Nova Olinda do Maranho'),
  (1248,10,'Olho d`gua das Cunhs'),
  (1249,10,'Olinda Nova do Maranho'),
  (1250,10,'Pao do Lumiar'),
  (1251,10,'Palmeirndia'),
  (1252,10,'Paraibano'),
  (1253,10,'Parnarama'),
  (1254,10,'Passagem Franca'),
  (1255,10,'Pastos Bons'),
  (1256,10,'Paulino Neves'),
  (1257,10,'Paulo Ramos'),
  (1258,10,'Pedreiras'),
  (1259,10,'Pedro do Rosrio'),
  (1260,10,'Penalva'),
  (1261,10,'Peri Mirim'),
  (1262,10,'Peritor'),
  (1263,10,'Pindar-Mirim'),
  (1264,10,'Pinheiro'),
  (1265,10,'Pio XII'),
  (1266,10,'Pirapemas'),
  (1267,10,'Poo de Pedras'),
  (1268,10,'Porto Franco'),
  (1269,10,'Porto Rico do Maranho'),
  (1270,10,'Presidente Dutra'),
  (1271,10,'Presidente Juscelino'),
  (1272,10,'Presidente Mdici'),
  (1273,10,'Presidente Sarney'),
  (1274,10,'Presidente Vargas'),
  (1275,10,'Primeira Cruz'),
  (1276,10,'Raposa'),
  (1277,10,'Riacho'),
  (1278,10,'Ribamar Fiquene'),
  (1279,10,'Rosrio'),
  (1280,10,'Sambaba'),
  (1281,10,'Santa Filomena do Maranho'),
  (1282,10,'Santa Helena'),
  (1283,10,'Santa Ins'),
  (1284,10,'Santa Luzia'),
  (1285,10,'Santa Luzia do Paru'),
  (1286,10,'Santa Quitria do Maranho'),
  (1287,10,'Santa Rita'),
  (1288,10,'Santana do Maranho'),
  (1289,10,'Santo Amaro do Maranho'),
  (1290,10,'Santo Antnio dos Lopes'),
  (1291,10,'So Benedito do Rio Preto'),
  (1292,10,'So Bento'),
  (1293,10,'So Bernardo'),
  (1294,10,'So Domingos do Azeito'),
  (1295,10,'So Domingos do Maranho'),
  (1296,10,'So Flix de Balsas'),
  (1297,10,'So Francisco do Brejo'),
  (1298,10,'So Francisco do Maranho'),
  (1299,10,'So Joo Batista'),
  (1300,10,'So Joo do Car'),
  (1301,10,'So Joo do Paraso'),
  (1302,10,'So Joo do Soter'),
  (1303,10,'So Joo dos Patos'),
  (1304,10,'So Jos de Ribamar'),
  (1305,10,'So Jos dos Baslios'),
  (1306,10,'So Lus'),
  (1307,10,'So Lus Gonzaga do Maranho'),
  (1308,10,'So Mateus do Maranho'),
  (1309,10,'So Pedro da gua Branca'),
  (1310,10,'So Pedro dos Crentes'),
  (1311,10,'So Raimundo das Mangabeiras'),
  (1312,10,'So Raimundo do Doca Bezerra'),
  (1313,10,'So Roberto'),
  (1314,10,'So Vicente Ferrer'),
  (1315,10,'Satubinha'),
  (1316,10,'Senador Alexandre Costa'),
  (1317,10,'Senador La Rocque'),
  (1318,10,'Serrano do Maranho'),
  (1319,10,'Stio Novo'),
  (1320,10,'Sucupira do Norte'),
  (1321,10,'Sucupira do Riacho'),
  (1322,10,'Tasso Fragoso'),
  (1323,10,'Timbiras'),
  (1324,10,'Timon'),
  (1325,10,'Trizidela do Vale'),
  (1326,10,'Tufilndia'),
  (1327,10,'Tuntum'),
  (1328,10,'Turiau'),
  (1329,10,'Turilndia'),
  (1330,10,'Tutia'),
  (1331,10,'Urbano Santos'),
  (1332,10,'Vargem Grande'),
  (1333,10,'Viana'),
  (1334,10,'Vila Nova dos Martrios'),
  (1335,10,'Vitria do Mearim'),
  (1336,10,'Vitorino Freire'),
  (1337,10,'Z Doca'),
  (1338,11,'Acorizal'),
  (1339,11,'gua Boa'),
  (1340,11,'Alta Floresta'),
  (1341,11,'Alto Araguaia'),
  (1342,11,'Alto Boa Vista'),
  (1343,11,'Alto Garas'),
  (1344,11,'Alto Paraguai'),
  (1345,11,'Alto Taquari'),
  (1346,11,'Apiacs'),
  (1347,11,'Araguaiana'),
  (1348,11,'Araguainha'),
  (1349,11,'Araputanga'),
  (1350,11,'Arenpolis'),
  (1351,11,'Aripuan'),
  (1352,11,'Baro de Melgao'),
  (1353,11,'Barra do Bugres'),
  (1354,11,'Barra do Garas'),
  (1355,11,'Brasnorte'),
  (1356,11,'Cceres'),
  (1357,11,'Campinpolis'),
  (1358,11,'Campo Novo do Parecis'),
  (1359,11,'Campo Verde'),
  (1360,11,'Campos de Jlio'),
  (1361,11,'Canabrava do Norte'),
  (1362,11,'Canarana'),
  (1363,11,'Carlinda'),
  (1364,11,'Castanheira'),
  (1365,11,'Chapada dos Guimares'),
  (1366,11,'Cludia'),
  (1367,11,'Cocalinho'),
  (1368,11,'Colder'),
  (1369,11,'Comodoro'),
  (1370,11,'Confresa'),
  (1371,11,'Cotriguau'),
  (1372,11,'Cuiab'),
  (1373,11,'Denise'),
  (1374,11,'Diamantino'),
  (1375,11,'Dom Aquino'),
  (1376,11,'Feliz Natal'),
  (1377,11,'Figueirpolis d`Oeste'),
  (1378,11,'Gacha do Norte'),
  (1379,11,'General Carneiro'),
  (1380,11,'Glria d`Oeste'),
  (1381,11,'Guarant do Norte'),
  (1382,11,'Guiratinga'),
  (1383,11,'Indiava'),
  (1384,11,'Itaba'),
  (1385,11,'Itiquira'),
  (1386,11,'Jaciara'),
  (1387,11,'Jangada'),
  (1388,11,'Jauru'),
  (1389,11,'Juara'),
  (1390,11,'Juna'),
  (1391,11,'Juruena'),
  (1392,11,'Juscimeira'),
  (1393,11,'Lambari d`Oeste'),
  (1394,11,'Lucas do Rio Verde'),
  (1395,11,'Lucira'),
  (1396,11,'Marcelndia'),
  (1397,11,'Matup'),
  (1398,11,'Mirassol d`Oeste'),
  (1399,11,'Nobres'),
  (1400,11,'Nortelndia'),
  (1401,11,'Nossa Senhora do Livramento'),
  (1402,11,'Nova Bandeirantes'),
  (1403,11,'Nova Brasilndia'),
  (1404,11,'Nova Cana do Norte'),
  (1405,11,'Nova Guarita'),
  (1406,11,'Nova Lacerda'),
  (1407,11,'Nova Marilndia'),
  (1408,11,'Nova Maring'),
  (1409,11,'Nova Monte Verde'),
  (1410,11,'Nova Mutum'),
  (1411,11,'Nova Olmpia'),
  (1412,11,'Nova Ubirat'),
  (1413,11,'Nova Xavantina'),
  (1414,11,'Novo Horizonte do Norte'),
  (1415,11,'Novo Mundo'),
  (1416,11,'Novo So Joaquim'),
  (1417,11,'Paranata'),
  (1418,11,'Paranatinga'),
  (1419,11,'Pedra Preta'),
  (1420,11,'Peixoto de Azevedo'),
  (1421,11,'Planalto da Serra'),
  (1422,11,'Pocon'),
  (1423,11,'Pontal do Araguaia'),
  (1424,11,'Ponte Branca'),
  (1425,11,'Pontes e Lacerda'),
  (1426,11,'Porto Alegre do Norte'),
  (1427,11,'Porto dos Gachos'),
  (1428,11,'Porto Esperidio'),
  (1429,11,'Porto Estrela'),
  (1430,11,'Poxoro'),
  (1431,11,'Primavera do Leste'),
  (1432,11,'Querncia'),
  (1433,11,'Reserva do Cabaal'),
  (1434,11,'Ribeiro Cascalheira'),
  (1435,11,'Ribeirozinho'),
  (1436,11,'Rio Branco'),
  (1437,11,'Rondonpolis'),
  (1438,11,'Rosrio Oeste'),
  (1439,11,'Salto do Cu'),
  (1440,11,'Santa Carmem'),
  (1441,11,'Santa Terezinha'),
  (1442,11,'Santo Afonso'),
  (1443,11,'Santo Antnio do Leverger'),
  (1444,11,'So Flix do Araguaia'),
  (1445,11,'So Jos do Povo'),
  (1446,11,'So Jos do Rio Claro'),
  (1447,11,'So Jos do Xingu'),
  (1448,11,'So Jos dos Quatro Marcos'),
  (1449,11,'So Pedro da Cipa'),
  (1450,11,'Sapezal'),
  (1451,11,'Sinop'),
  (1452,11,'Sorriso'),
  (1453,11,'Tabapor'),
  (1454,11,'Tangar da Serra'),
  (1455,11,'Tapurah'),
  (1456,11,'Terra Nova do Norte'),
  (1457,11,'Tesouro'),
  (1458,11,'Torixoru'),
  (1459,11,'Unio do Sul'),
  (1460,11,'Vrzea Grande'),
  (1461,11,'Vera'),
  (1462,11,'Vila Bela da Santssima Trindade'),
  (1463,11,'Vila Rica'),
  (1464,12,'gua Clara'),
  (1465,12,'Alcinpolis'),
  (1466,12,'Amamba'),
  (1467,12,'Anastcio'),
  (1468,12,'Anaurilndia'),
  (1469,12,'Anglica'),
  (1470,12,'Antnio Joo'),
  (1471,12,'Aparecida do Taboado'),
  (1472,12,'Aquidauana'),
  (1473,12,'Aral Moreira'),
  (1474,12,'Bandeirantes'),
  (1475,12,'Bataguassu'),
  (1476,12,'Bataipor'),
  (1477,12,'Bela Vista'),
  (1478,12,'Bodoquena'),
  (1479,12,'Bonito'),
  (1480,12,'Brasilndia'),
  (1481,12,'Caarap'),
  (1482,12,'Camapu'),
  (1483,12,'Campo Grande'),
  (1484,12,'Caracol'),
  (1485,12,'Cassilndia'),
  (1486,12,'Chapado do Sul'),
  (1487,12,'Corguinho'),
  (1488,12,'Coronel Sapucaia'),
  (1489,12,'Corumb'),
  (1490,12,'Costa Rica'),
  (1491,12,'Coxim'),
  (1492,12,'Deodpolis'),
  (1493,12,'Dois Irmos do Buriti'),
  (1494,12,'Douradina'),
  (1495,12,'Dourados'),
  (1496,12,'Eldorado'),
  (1497,12,'Ftima do Sul'),
  (1498,12,'Glria de Dourados'),
  (1499,12,'Guia Lopes da Laguna'),
  (1500,12,'Iguatemi');

COMMIT;

#
# Data for the `cidade` table  (LIMIT 1000,500)
#

INSERT INTO `cidade` (`cid_id`, `est_id`, `cid_nome`) VALUES 
  (1501,12,'Inocncia'),
  (1502,12,'Itapor'),
  (1503,12,'Itaquira'),
  (1504,12,'Ivinhema'),
  (1505,12,'Japor'),
  (1506,12,'Jaraguari'),
  (1507,12,'Jardim'),
  (1508,12,'Jate'),
  (1509,12,'Juti'),
  (1510,12,'Ladrio'),
  (1511,12,'Laguna Carap'),
  (1512,12,'Maracaju'),
  (1513,12,'Miranda'),
  (1514,12,'Mundo Novo'),
  (1515,12,'Navira'),
  (1516,12,'Nioaque'),
  (1517,12,'Nova Alvorada do Sul'),
  (1518,12,'Nova Andradina'),
  (1519,12,'Novo Horizonte do Sul'),
  (1520,12,'Paranaba'),
  (1521,12,'Paranhos'),
  (1522,12,'Pedro Gomes'),
  (1523,12,'Ponta Por'),
  (1524,12,'Porto Murtinho'),
  (1525,12,'Ribas do Rio Pardo'),
  (1526,12,'Rio Brilhante'),
  (1527,12,'Rio Negro'),
  (1528,12,'Rio Verde de Mato Grosso'),
  (1529,12,'Rochedo'),
  (1530,12,'Santa Rita do Pardo'),
  (1531,12,'So Gabriel do Oeste'),
  (1532,12,'Selvria'),
  (1533,12,'Sete Quedas'),
  (1534,12,'Sidrolndia'),
  (1535,12,'Sonora'),
  (1536,12,'Tacuru'),
  (1537,12,'Taquarussu'),
  (1538,12,'Terenos'),
  (1539,12,'Trs Lagoas'),
  (1540,12,'Vicentina'),
  (1541,13,'Abadia dos Dourados'),
  (1542,13,'Abaet'),
  (1543,13,'Abre Campo'),
  (1544,13,'Acaiaca'),
  (1545,13,'Aucena'),
  (1546,13,'gua Boa'),
  (1547,13,'gua Comprida'),
  (1548,13,'Aguanil'),
  (1549,13,'guas Formosas'),
  (1550,13,'guas Vermelhas'),
  (1551,13,'Aimors'),
  (1552,13,'Aiuruoca'),
  (1553,13,'Alagoa'),
  (1554,13,'Albertina'),
  (1555,13,'Alm Paraba'),
  (1556,13,'Alfenas'),
  (1557,13,'Alfredo Vasconcelos'),
  (1558,13,'Almenara'),
  (1559,13,'Alpercata'),
  (1560,13,'Alpinpolis'),
  (1561,13,'Alterosa'),
  (1562,13,'Alto Capara'),
  (1563,13,'Alto Jequitib'),
  (1564,13,'Alto Rio Doce'),
  (1565,13,'Alvarenga'),
  (1566,13,'Alvinpolis'),
  (1567,13,'Alvorada de Minas'),
  (1568,13,'Amparo do Serra'),
  (1569,13,'Andradas'),
  (1570,13,'Andrelndia'),
  (1571,13,'Angelndia'),
  (1572,13,'Antnio Carlos'),
  (1573,13,'Antnio Dias'),
  (1574,13,'Antnio Prado de Minas'),
  (1575,13,'Araa'),
  (1576,13,'Aracitaba'),
  (1577,13,'Araua'),
  (1578,13,'Araguari'),
  (1579,13,'Arantina'),
  (1580,13,'Araponga'),
  (1581,13,'Arapor'),
  (1582,13,'Arapu'),
  (1583,13,'Arajos'),
  (1584,13,'Arax'),
  (1585,13,'Arceburgo'),
  (1586,13,'Arcos'),
  (1587,13,'Areado'),
  (1588,13,'Argirita'),
  (1589,13,'Aricanduva'),
  (1590,13,'Arinos'),
  (1591,13,'Astolfo Dutra'),
  (1592,13,'Atalia'),
  (1593,13,'Augusto de Lima'),
  (1594,13,'Baependi'),
  (1595,13,'Baldim'),
  (1596,13,'Bambu'),
  (1597,13,'Bandeira'),
  (1598,13,'Bandeira do Sul'),
  (1599,13,'Baro de Cocais'),
  (1600,13,'Baro de Monte Alto'),
  (1601,13,'Barbacena'),
  (1602,13,'Barra Longa'),
  (1603,13,'Barroso'),
  (1604,13,'Bela Vista de Minas'),
  (1605,13,'Belmiro Braga'),
  (1606,13,'Belo Horizonte'),
  (1607,13,'Belo Oriente'),
  (1608,13,'Belo Vale'),
  (1609,13,'Berilo'),
  (1610,13,'Berizal'),
  (1611,13,'Bertpolis'),
  (1612,13,'Betim'),
  (1613,13,'Bias Fortes'),
  (1614,13,'Bicas'),
  (1615,13,'Biquinhas'),
  (1616,13,'Boa Esperana'),
  (1617,13,'Bocaina de Minas'),
  (1618,13,'Bocaiva'),
  (1619,13,'Bom Despacho'),
  (1620,13,'Bom Jardim de Minas'),
  (1621,13,'Bom Jesus da Penha'),
  (1622,13,'Bom Jesus do Amparo'),
  (1623,13,'Bom Jesus do Galho'),
  (1624,13,'Bom Repouso'),
  (1625,13,'Bom Sucesso'),
  (1626,13,'Bonfim'),
  (1627,13,'Bonfinpolis de Minas'),
  (1628,13,'Bonito de Minas'),
  (1629,13,'Borda da Mata'),
  (1630,13,'Botelhos'),
  (1631,13,'Botumirim'),
  (1632,13,'Brs Pires'),
  (1633,13,'Brasilndia de Minas'),
  (1634,13,'Braslia de Minas'),
  (1635,13,'Braspolis'),
  (1636,13,'Branas'),
  (1637,13,'Brumadinho'),
  (1638,13,'Bueno Brando'),
  (1639,13,'Buenpolis'),
  (1640,13,'Bugre'),
  (1641,13,'Buritis'),
  (1642,13,'Buritizeiro'),
  (1643,13,'Cabeceira Grande'),
  (1644,13,'Cabo Verde'),
  (1645,13,'Cachoeira da Prata'),
  (1646,13,'Cachoeira de Minas'),
  (1647,13,'Cachoeira de Paje'),
  (1648,13,'Cachoeira Dourada'),
  (1649,13,'Caetanpolis'),
  (1650,13,'Caet'),
  (1651,13,'Caiana'),
  (1652,13,'Cajuri'),
  (1653,13,'Caldas'),
  (1654,13,'Camacho'),
  (1655,13,'Camanducaia'),
  (1656,13,'Cambu'),
  (1657,13,'Cambuquira'),
  (1658,13,'Campanrio'),
  (1659,13,'Campanha'),
  (1660,13,'Campestre'),
  (1661,13,'Campina Verde'),
  (1662,13,'Campo Azul'),
  (1663,13,'Campo Belo'),
  (1664,13,'Campo do Meio'),
  (1665,13,'Campo Florido'),
  (1666,13,'Campos Altos'),
  (1667,13,'Campos Gerais'),
  (1668,13,'Cana Verde'),
  (1669,13,'Cana'),
  (1670,13,'Canpolis'),
  (1671,13,'Candeias'),
  (1672,13,'Cantagalo'),
  (1673,13,'Capara'),
  (1674,13,'Capela Nova'),
  (1675,13,'Capelinha'),
  (1676,13,'Capetinga'),
  (1677,13,'Capim Branco'),
  (1678,13,'Capinpolis'),
  (1679,13,'Capito Andrade'),
  (1680,13,'Capito Enas'),
  (1681,13,'Capitlio'),
  (1682,13,'Caputira'),
  (1683,13,'Cara'),
  (1684,13,'Caranaba'),
  (1685,13,'Caranda'),
  (1686,13,'Carangola'),
  (1687,13,'Caratinga'),
  (1688,13,'Carbonita'),
  (1689,13,'Careau'),
  (1690,13,'Carlos Chagas'),
  (1691,13,'Carmsia'),
  (1692,13,'Carmo da Cachoeira'),
  (1693,13,'Carmo da Mata'),
  (1694,13,'Carmo de Minas'),
  (1695,13,'Carmo do Cajuru'),
  (1696,13,'Carmo do Paranaba'),
  (1697,13,'Carmo do Rio Claro'),
  (1698,13,'Carmpolis de Minas'),
  (1699,13,'Carneirinho'),
  (1700,13,'Carrancas'),
  (1701,13,'Carvalhpolis'),
  (1702,13,'Carvalhos'),
  (1703,13,'Casa Grande'),
  (1704,13,'Cascalho Rico'),
  (1705,13,'Cssia'),
  (1706,13,'Cataguases'),
  (1707,13,'Catas Altas'),
  (1708,13,'Catas Altas da Noruega'),
  (1709,13,'Catuji'),
  (1710,13,'Catuti'),
  (1711,13,'Caxambu'),
  (1712,13,'Cedro do Abaet'),
  (1713,13,'Central de Minas'),
  (1714,13,'Centralina'),
  (1715,13,'Chcara'),
  (1716,13,'Chal'),
  (1717,13,'Chapada do Norte'),
  (1718,13,'Chapada Gacha'),
  (1719,13,'Chiador'),
  (1720,13,'Cipotnea'),
  (1721,13,'Claraval'),
  (1722,13,'Claro dos Poes'),
  (1723,13,'Cludio'),
  (1724,13,'Coimbra'),
  (1725,13,'Coluna'),
  (1726,13,'Comendador Gomes'),
  (1727,13,'Comercinho'),
  (1728,13,'Conceio da Aparecida'),
  (1729,13,'Conceio da Barra de Minas'),
  (1730,13,'Conceio das Alagoas'),
  (1731,13,'Conceio das Pedras'),
  (1732,13,'Conceio de Ipanema'),
  (1733,13,'Conceio do Mato Dentro'),
  (1734,13,'Conceio do Par'),
  (1735,13,'Conceio do Rio Verde'),
  (1736,13,'Conceio dos Ouros'),
  (1737,13,'Cnego Marinho'),
  (1738,13,'Confins'),
  (1739,13,'Congonhal'),
  (1740,13,'Congonhas'),
  (1741,13,'Congonhas do Norte'),
  (1742,13,'Conquista'),
  (1743,13,'Conselheiro Lafaiete'),
  (1744,13,'Conselheiro Pena'),
  (1745,13,'Consolao'),
  (1746,13,'Contagem'),
  (1747,13,'Coqueiral'),
  (1748,13,'Corao de Jesus'),
  (1749,13,'Cordisburgo'),
  (1750,13,'Cordislndia'),
  (1751,13,'Corinto'),
  (1752,13,'Coroaci'),
  (1753,13,'Coromandel'),
  (1754,13,'Coronel Fabriciano'),
  (1755,13,'Coronel Murta'),
  (1756,13,'Coronel Pacheco'),
  (1757,13,'Coronel Xavier Chaves'),
  (1758,13,'Crrego Danta'),
  (1759,13,'Crrego do Bom Jesus'),
  (1760,13,'Crrego Fundo'),
  (1761,13,'Crrego Novo'),
  (1762,13,'Couto de Magalhes de Minas'),
  (1763,13,'Crislita'),
  (1764,13,'Cristais'),
  (1765,13,'Cristlia'),
  (1766,13,'Cristiano Otoni'),
  (1767,13,'Cristina'),
  (1768,13,'Crucilndia'),
  (1769,13,'Cruzeiro da Fortaleza'),
  (1770,13,'Cruzlia'),
  (1771,13,'Cuparaque'),
  (1772,13,'Curral de Dentro'),
  (1773,13,'Curvelo'),
  (1774,13,'Datas'),
  (1775,13,'Delfim Moreira'),
  (1776,13,'Delfinpolis'),
  (1777,13,'Delta'),
  (1778,13,'Descoberto'),
  (1779,13,'Desterro de Entre Rios'),
  (1780,13,'Desterro do Melo'),
  (1781,13,'Diamantina'),
  (1782,13,'Diogo de Vasconcelos'),
  (1783,13,'Dionsio'),
  (1784,13,'Divinsia'),
  (1785,13,'Divino'),
  (1786,13,'Divino das Laranjeiras'),
  (1787,13,'Divinolndia de Minas'),
  (1788,13,'Divinpolis'),
  (1789,13,'Divisa Alegre'),
  (1790,13,'Divisa Nova'),
  (1791,13,'Divispolis'),
  (1792,13,'Dom Bosco'),
  (1793,13,'Dom Cavati'),
  (1794,13,'Dom Joaquim'),
  (1795,13,'Dom Silvrio'),
  (1796,13,'Dom Vioso'),
  (1797,13,'Dona Eusbia'),
  (1798,13,'Dores de Campos'),
  (1799,13,'Dores de Guanhes'),
  (1800,13,'Dores do Indai'),
  (1801,13,'Dores do Turvo'),
  (1802,13,'Dorespolis'),
  (1803,13,'Douradoquara'),
  (1804,13,'Durand'),
  (1805,13,'Eli Mendes'),
  (1806,13,'Engenheiro Caldas'),
  (1807,13,'Engenheiro Navarro'),
  (1808,13,'Entre Folhas'),
  (1809,13,'Entre Rios de Minas'),
  (1810,13,'Ervlia'),
  (1811,13,'Esmeraldas'),
  (1812,13,'Espera Feliz'),
  (1813,13,'Espinosa'),
  (1814,13,'Esprito Santo do Dourado'),
  (1815,13,'Estiva'),
  (1816,13,'Estrela Dalva'),
  (1817,13,'Estrela do Indai'),
  (1818,13,'Estrela do Sul'),
  (1819,13,'Eugenpolis'),
  (1820,13,'Ewbank da Cmara'),
  (1821,13,'Extrema'),
  (1822,13,'Fama'),
  (1823,13,'Faria Lemos'),
  (1824,13,'Felcio dos Santos'),
  (1825,13,'Felisburgo'),
  (1826,13,'Felixlndia'),
  (1827,13,'Fernandes Tourinho'),
  (1828,13,'Ferros'),
  (1829,13,'Fervedouro'),
  (1830,13,'Florestal'),
  (1831,13,'Formiga'),
  (1832,13,'Formoso'),
  (1833,13,'Fortaleza de Minas'),
  (1834,13,'Fortuna de Minas'),
  (1835,13,'Francisco Badar'),
  (1836,13,'Francisco Dumont'),
  (1837,13,'Francisco S'),
  (1838,13,'Franciscpolis'),
  (1839,13,'Frei Gaspar'),
  (1840,13,'Frei Inocncio'),
  (1841,13,'Frei Lagonegro'),
  (1842,13,'Fronteira'),
  (1843,13,'Fronteira dos Vales'),
  (1844,13,'Fruta de Leite'),
  (1845,13,'Frutal'),
  (1846,13,'Funilndia'),
  (1847,13,'Galilia'),
  (1848,13,'Gameleiras'),
  (1849,13,'Glaucilndia'),
  (1850,13,'Goiabeira'),
  (1851,13,'Goian'),
  (1852,13,'Gonalves'),
  (1853,13,'Gonzaga'),
  (1854,13,'Gouveia'),
  (1855,13,'Governador Valadares'),
  (1856,13,'Gro Mogol'),
  (1857,13,'Grupiara'),
  (1858,13,'Guanhes'),
  (1859,13,'Guap'),
  (1860,13,'Guaraciaba'),
  (1861,13,'Guaraciama'),
  (1862,13,'Guaransia'),
  (1863,13,'Guarani'),
  (1864,13,'Guarar'),
  (1865,13,'Guarda-Mor'),
  (1866,13,'Guaxup'),
  (1867,13,'Guidoval'),
  (1868,13,'Guimarnia'),
  (1869,13,'Guiricema'),
  (1870,13,'Gurinhat'),
  (1871,13,'Heliodora'),
  (1872,13,'Iapu'),
  (1873,13,'Ibertioga'),
  (1874,13,'Ibi'),
  (1875,13,'Ibia'),
  (1876,13,'Ibiracatu'),
  (1877,13,'Ibiraci'),
  (1878,13,'Ibirit'),
  (1879,13,'Ibitira de Minas'),
  (1880,13,'Ibituruna'),
  (1881,13,'Icara de Minas'),
  (1882,13,'Igarap'),
  (1883,13,'Igaratinga'),
  (1884,13,'Iguatama'),
  (1885,13,'Ijaci'),
  (1886,13,'Ilicnea'),
  (1887,13,'Imb de Minas'),
  (1888,13,'Inconfidentes'),
  (1889,13,'Indaiabira'),
  (1890,13,'Indianpolis'),
  (1891,13,'Inga'),
  (1892,13,'Inhapim'),
  (1893,13,'Inhama'),
  (1894,13,'Inimutaba'),
  (1895,13,'Ipaba'),
  (1896,13,'Ipanema'),
  (1897,13,'Ipatinga'),
  (1898,13,'Ipiau'),
  (1899,13,'Ipuina'),
  (1900,13,'Ira de Minas'),
  (1901,13,'Itabira'),
  (1902,13,'Itabirinha de Mantena'),
  (1903,13,'Itabirito'),
  (1904,13,'Itacambira'),
  (1905,13,'Itacarambi'),
  (1906,13,'Itaguara'),
  (1907,13,'Itaip'),
  (1908,13,'Itajub'),
  (1909,13,'Itamarandiba'),
  (1910,13,'Itamarati de Minas'),
  (1911,13,'Itambacuri'),
  (1912,13,'Itamb do Mato Dentro'),
  (1913,13,'Itamogi'),
  (1914,13,'Itamonte'),
  (1915,13,'Itanhandu'),
  (1916,13,'Itanhomi'),
  (1917,13,'Itaobim'),
  (1918,13,'Itapagipe'),
  (1919,13,'Itapecerica'),
  (1920,13,'Itapeva'),
  (1921,13,'Itatiaiuu'),
  (1922,13,'Ita de Minas'),
  (1923,13,'Itana'),
  (1924,13,'Itaverava'),
  (1925,13,'Itinga'),
  (1926,13,'Itueta'),
  (1927,13,'Ituiutaba'),
  (1928,13,'Itumirim'),
  (1929,13,'Iturama'),
  (1930,13,'Itutinga'),
  (1931,13,'Jaboticatubas'),
  (1932,13,'Jacinto'),
  (1933,13,'Jacu'),
  (1934,13,'Jacutinga'),
  (1935,13,'Jaguarau'),
  (1936,13,'Jaba'),
  (1937,13,'Jampruca'),
  (1938,13,'Janaba'),
  (1939,13,'Januria'),
  (1940,13,'Japaraba'),
  (1941,13,'Japonvar'),
  (1942,13,'Jeceaba'),
  (1943,13,'Jenipapo de Minas'),
  (1944,13,'Jequeri'),
  (1945,13,'Jequita'),
  (1946,13,'Jequitib'),
  (1947,13,'Jequitinhonha'),
  (1948,13,'Jesunia'),
  (1949,13,'Joama'),
  (1950,13,'Joansia'),
  (1951,13,'Joo Monlevade'),
  (1952,13,'Joo Pinheiro'),
  (1953,13,'Joaquim Felcio'),
  (1954,13,'Jordnia'),
  (1955,13,'Jos Gonalves de Minas'),
  (1956,13,'Jos Raydan'),
  (1957,13,'Josenpolis'),
  (1958,13,'Juatuba'),
  (1959,13,'Juiz de Fora'),
  (1960,13,'Juramento'),
  (1961,13,'Juruaia'),
  (1962,13,'Juvenlia'),
  (1963,13,'Ladainha'),
  (1964,13,'Lagamar'),
  (1965,13,'Lagoa da Prata'),
  (1966,13,'Lagoa dos Patos'),
  (1967,13,'Lagoa Dourada'),
  (1968,13,'Lagoa Formosa'),
  (1969,13,'Lagoa Grande'),
  (1970,13,'Lagoa Santa'),
  (1971,13,'Lajinha'),
  (1972,13,'Lambari'),
  (1973,13,'Lamim'),
  (1974,13,'Laranjal'),
  (1975,13,'Lassance'),
  (1976,13,'Lavras'),
  (1977,13,'Leandro Ferreira'),
  (1978,13,'Leme do Prado'),
  (1979,13,'Leopoldina'),
  (1980,13,'Liberdade'),
  (1981,13,'Lima Duarte'),
  (1982,13,'Limeira do Oeste'),
  (1983,13,'Lontra'),
  (1984,13,'Luisburgo'),
  (1985,13,'Luislndia'),
  (1986,13,'Luminrias'),
  (1987,13,'Luz'),
  (1988,13,'Machacalis'),
  (1989,13,'Machado'),
  (1990,13,'Madre de Deus de Minas'),
  (1991,13,'Malacacheta'),
  (1992,13,'Mamonas'),
  (1993,13,'Manga'),
  (1994,13,'Manhuau'),
  (1995,13,'Manhumirim'),
  (1996,13,'Mantena'),
  (1997,13,'Mar de Espanha'),
  (1998,13,'Maravilhas'),
  (1999,13,'Maria da F'),
  (2000,13,'Mariana');

COMMIT;

#
# Data for the `cidade` table  (LIMIT 1500,500)
#

INSERT INTO `cidade` (`cid_id`, `est_id`, `cid_nome`) VALUES 
  (2001,13,'Marilac'),
  (2002,13,'Mrio Campos'),
  (2003,13,'Marip de Minas'),
  (2004,13,'Marliria'),
  (2005,13,'Marmelpolis'),
  (2006,13,'Martinho Campos'),
  (2007,13,'Martins Soares'),
  (2008,13,'Mata Verde'),
  (2009,13,'Materlndia'),
  (2010,13,'Mateus Leme'),
  (2011,13,'Mathias Lobato'),
  (2012,13,'Matias Barbosa'),
  (2013,13,'Matias Cardoso'),
  (2014,13,'Matip'),
  (2015,13,'Mato Verde'),
  (2016,13,'Matozinhos'),
  (2017,13,'Matutina'),
  (2018,13,'Medeiros'),
  (2019,13,'Medina'),
  (2020,13,'Mendes Pimentel'),
  (2021,13,'Mercs'),
  (2022,13,'Mesquita'),
  (2023,13,'Minas Novas'),
  (2024,13,'Minduri'),
  (2025,13,'Mirabela'),
  (2026,13,'Miradouro'),
  (2027,13,'Mira'),
  (2028,13,'Miravnia'),
  (2029,13,'Moeda'),
  (2030,13,'Moema'),
  (2031,13,'Monjolos'),
  (2032,13,'Monsenhor Paulo'),
  (2033,13,'Montalvnia'),
  (2034,13,'Monte Alegre de Minas'),
  (2035,13,'Monte Azul'),
  (2036,13,'Monte Belo'),
  (2037,13,'Monte Carmelo'),
  (2038,13,'Monte Formoso'),
  (2039,13,'Monte Santo de Minas'),
  (2040,13,'Monte Sio'),
  (2041,13,'Montes Claros'),
  (2042,13,'Montezuma'),
  (2043,13,'Morada Nova de Minas'),
  (2044,13,'Morro da Gara'),
  (2045,13,'Morro do Pilar'),
  (2046,13,'Munhoz'),
  (2047,13,'Muria'),
  (2048,13,'Mutum'),
  (2049,13,'Muzambinho'),
  (2050,13,'Nacip Raydan'),
  (2051,13,'Nanuque'),
  (2052,13,'Naque'),
  (2053,13,'Natalndia'),
  (2054,13,'Natrcia'),
  (2055,13,'Nazareno'),
  (2056,13,'Nepomuceno'),
  (2057,13,'Ninheira'),
  (2058,13,'Nova Belm'),
  (2059,13,'Nova Era'),
  (2060,13,'Nova Lima'),
  (2061,13,'Nova Mdica'),
  (2062,13,'Nova Ponte'),
  (2063,13,'Nova Porteirinha'),
  (2064,13,'Nova Resende'),
  (2065,13,'Nova Serrana'),
  (2066,13,'Nova Unio'),
  (2067,13,'Novo Cruzeiro'),
  (2068,13,'Novo Oriente de Minas'),
  (2069,13,'Novorizonte'),
  (2070,13,'Olaria'),
  (2071,13,'Olhos-d`gua'),
  (2072,13,'Olmpio Noronha'),
  (2073,13,'Oliveira'),
  (2074,13,'Oliveira Fortes'),
  (2075,13,'Ona de Pitangui'),
  (2076,13,'Oratrios'),
  (2077,13,'Oriznia'),
  (2078,13,'Ouro Branco'),
  (2079,13,'Ouro Fino'),
  (2080,13,'Ouro Preto'),
  (2081,13,'Ouro Verde de Minas'),
  (2082,13,'Padre Carvalho'),
  (2083,13,'Padre Paraso'),
  (2084,13,'Pai Pedro'),
  (2085,13,'Paineiras'),
  (2086,13,'Pains'),
  (2087,13,'Paiva'),
  (2088,13,'Palma'),
  (2089,13,'Palmpolis'),
  (2090,13,'Papagaios'),
  (2091,13,'Par de Minas'),
  (2092,13,'Paracatu'),
  (2093,13,'Paraguau'),
  (2094,13,'Paraispolis'),
  (2095,13,'Paraopeba'),
  (2096,13,'Passa Quatro'),
  (2097,13,'Passa Tempo'),
  (2098,13,'Passa-Vinte'),
  (2099,13,'Passabm'),
  (2100,13,'Passos'),
  (2101,13,'Patis'),
  (2102,13,'Patos de Minas'),
  (2103,13,'Patrocnio'),
  (2104,13,'Patrocnio do Muria'),
  (2105,13,'Paula Cndido'),
  (2106,13,'Paulistas'),
  (2107,13,'Pavo'),
  (2108,13,'Peanha'),
  (2109,13,'Pedra Azul'),
  (2110,13,'Pedra Bonita'),
  (2111,13,'Pedra do Anta'),
  (2112,13,'Pedra do Indai'),
  (2113,13,'Pedra Dourada'),
  (2114,13,'Pedralva'),
  (2115,13,'Pedras de Maria da Cruz'),
  (2116,13,'Pedrinpolis'),
  (2117,13,'Pedro Leopoldo'),
  (2118,13,'Pedro Teixeira'),
  (2119,13,'Pequeri'),
  (2120,13,'Pequi'),
  (2121,13,'Perdigo'),
  (2122,13,'Perdizes'),
  (2123,13,'Perdes'),
  (2124,13,'Periquito'),
  (2125,13,'Pescador'),
  (2126,13,'Piau'),
  (2127,13,'Piedade de Caratinga'),
  (2128,13,'Piedade de Ponte Nova'),
  (2129,13,'Piedade do Rio Grande'),
  (2130,13,'Piedade dos Gerais'),
  (2131,13,'Pimenta'),
  (2132,13,'Pingo-d`gua'),
  (2133,13,'Pintpolis'),
  (2134,13,'Piracema'),
  (2135,13,'Pirajuba'),
  (2136,13,'Piranga'),
  (2137,13,'Piranguu'),
  (2138,13,'Piranguinho'),
  (2139,13,'Pirapetinga'),
  (2140,13,'Pirapora'),
  (2141,13,'Piraba'),
  (2142,13,'Pitangui'),
  (2143,13,'Piumhi'),
  (2144,13,'Planura'),
  (2145,13,'Poo Fundo'),
  (2146,13,'Poos de Caldas'),
  (2147,13,'Pocrane'),
  (2148,13,'Pompu'),
  (2149,13,'Ponte Nova'),
  (2150,13,'Ponto Chique'),
  (2151,13,'Ponto dos Volantes'),
  (2152,13,'Porteirinha'),
  (2153,13,'Porto Firme'),
  (2154,13,'Pot'),
  (2155,13,'Pouso Alegre'),
  (2156,13,'Pouso Alto'),
  (2157,13,'Prados'),
  (2158,13,'Prata'),
  (2159,13,'Pratpolis'),
  (2160,13,'Pratinha'),
  (2161,13,'Presidente Bernardes'),
  (2162,13,'Presidente Juscelino'),
  (2163,13,'Presidente Kubitschek'),
  (2164,13,'Presidente Olegrio'),
  (2165,13,'Prudente de Morais'),
  (2166,13,'Quartel Geral'),
  (2167,13,'Queluzito'),
  (2168,13,'Raposos'),
  (2169,13,'Raul Soares'),
  (2170,13,'Recreio'),
  (2171,13,'Reduto'),
  (2172,13,'Resende Costa'),
  (2173,13,'Resplendor'),
  (2174,13,'Ressaquinha'),
  (2175,13,'Riachinho'),
  (2176,13,'Riacho dos Machados'),
  (2177,13,'Ribeiro das Neves'),
  (2178,13,'Ribeiro Vermelho'),
  (2179,13,'Rio Acima'),
  (2180,13,'Rio Casca'),
  (2181,13,'Rio do Prado'),
  (2182,13,'Rio Doce'),
  (2183,13,'Rio Espera'),
  (2184,13,'Rio Manso'),
  (2185,13,'Rio Novo'),
  (2186,13,'Rio Paranaba'),
  (2187,13,'Rio Pardo de Minas'),
  (2188,13,'Rio Piracicaba'),
  (2189,13,'Rio Pomba'),
  (2190,13,'Rio Preto'),
  (2191,13,'Rio Vermelho'),
  (2192,13,'Ritpolis'),
  (2193,13,'Rochedo de Minas'),
  (2194,13,'Rodeiro'),
  (2195,13,'Romaria'),
  (2196,13,'Rosrio da Limeira'),
  (2197,13,'Rubelita'),
  (2198,13,'Rubim'),
  (2199,13,'Sabar'),
  (2200,13,'Sabinpolis'),
  (2201,13,'Sacramento'),
  (2202,13,'Salinas'),
  (2203,13,'Salto da Divisa'),
  (2204,13,'Santa Brbara'),
  (2205,13,'Santa Brbara do Leste'),
  (2206,13,'Santa Brbara do Monte Verde'),
  (2207,13,'Santa Brbara do Tugrio'),
  (2208,13,'Santa Cruz de Minas'),
  (2209,13,'Santa Cruz de Salinas'),
  (2210,13,'Santa Cruz do Escalvado'),
  (2211,13,'Santa Efignia de Minas'),
  (2212,13,'Santa F de Minas'),
  (2213,13,'Santa Helena de Minas'),
  (2214,13,'Santa Juliana'),
  (2215,13,'Santa Luzia'),
  (2216,13,'Santa Margarida'),
  (2217,13,'Santa Maria de Itabira'),
  (2218,13,'Santa Maria do Salto'),
  (2219,13,'Santa Maria do Suau'),
  (2220,13,'Santa Rita de Caldas'),
  (2221,13,'Santa Rita de Ibitipoca'),
  (2222,13,'Santa Rita de Jacutinga'),
  (2223,13,'Santa Rita de Minas'),
  (2224,13,'Santa Rita do Itueto'),
  (2225,13,'Santa Rita do Sapuca'),
  (2226,13,'Santa Rosa da Serra'),
  (2227,13,'Santa Vitria'),
  (2228,13,'Santana da Vargem'),
  (2229,13,'Santana de Cataguases'),
  (2230,13,'Santana de Pirapama'),
  (2231,13,'Santana do Deserto'),
  (2232,13,'Santana do Garambu'),
  (2233,13,'Santana do Jacar'),
  (2234,13,'Santana do Manhuau'),
  (2235,13,'Santana do Paraso'),
  (2236,13,'Santana do Riacho'),
  (2237,13,'Santana dos Montes'),
  (2238,13,'Santo Antnio do Amparo'),
  (2239,13,'Santo Antnio do Aventureiro'),
  (2240,13,'Santo Antnio do Grama'),
  (2241,13,'Santo Antnio do Itamb'),
  (2242,13,'Santo Antnio do Jacinto'),
  (2243,13,'Santo Antnio do Monte'),
  (2244,13,'Santo Antnio do Retiro'),
  (2245,13,'Santo Antnio do Rio Abaixo'),
  (2246,13,'Santo Hiplito'),
  (2247,13,'Santos Dumont'),
  (2248,13,'So Bento Abade'),
  (2249,13,'So Brs do Suau'),
  (2250,13,'So Domingos das Dores'),
  (2251,13,'So Domingos do Prata'),
  (2252,13,'So Flix de Minas'),
  (2253,13,'So Francisco'),
  (2254,13,'So Francisco de Paula'),
  (2255,13,'So Francisco de Sales'),
  (2256,13,'So Francisco do Glria'),
  (2257,13,'So Geraldo'),
  (2258,13,'So Geraldo da Piedade'),
  (2259,13,'So Geraldo do Baixio'),
  (2260,13,'So Gonalo do Abaet'),
  (2261,13,'So Gonalo do Par'),
  (2262,13,'So Gonalo do Rio Abaixo'),
  (2263,13,'So Gonalo do Rio Preto'),
  (2264,13,'So Gonalo do Sapuca'),
  (2265,13,'So Gotardo'),
  (2266,13,'So Joo Batista do Glria'),
  (2267,13,'So Joo da Lagoa'),
  (2268,13,'So Joo da Mata'),
  (2269,13,'So Joo da Ponte'),
  (2270,13,'So Joo das Misses'),
  (2271,13,'So Joo del Rei'),
  (2272,13,'So Joo do Manhuau'),
  (2273,13,'So Joo do Manteninha'),
  (2274,13,'So Joo do Oriente'),
  (2275,13,'So Joo do Pacu'),
  (2276,13,'So Joo do Paraso'),
  (2277,13,'So Joo Evangelista'),
  (2278,13,'So Joo Nepomuceno'),
  (2279,13,'So Joaquim de Bicas'),
  (2280,13,'So Jos da Barra'),
  (2281,13,'So Jos da Lapa'),
  (2282,13,'So Jos da Safira'),
  (2283,13,'So Jos da Varginha'),
  (2284,13,'So Jos do Alegre'),
  (2285,13,'So Jos do Divino'),
  (2286,13,'So Jos do Goiabal'),
  (2287,13,'So Jos do Jacuri'),
  (2288,13,'So Jos do Mantimento'),
  (2289,13,'So Loureno'),
  (2290,13,'So Miguel do Anta'),
  (2291,13,'So Pedro da Unio'),
  (2292,13,'So Pedro do Suau'),
  (2293,13,'So Pedro dos Ferros'),
  (2294,13,'So Romo'),
  (2295,13,'So Roque de Minas'),
  (2296,13,'So Sebastio da Bela Vista'),
  (2297,13,'So Sebastio da Vargem Alegre'),
  (2298,13,'So Sebastio do Anta'),
  (2299,13,'So Sebastio do Maranho'),
  (2300,13,'So Sebastio do Oeste'),
  (2301,13,'So Sebastio do Paraso'),
  (2302,13,'So Sebastio do Rio Preto'),
  (2303,13,'So Sebastio do Rio Verde'),
  (2304,13,'So Thom das Letras'),
  (2305,13,'So Tiago'),
  (2306,13,'So Toms de Aquino'),
  (2307,13,'So Vicente de Minas'),
  (2308,13,'Sapuca-Mirim'),
  (2309,13,'Sardo'),
  (2310,13,'Sarzedo'),
  (2311,13,'Sem-Peixe'),
  (2312,13,'Senador Amaral'),
  (2313,13,'Senador Cortes'),
  (2314,13,'Senador Firmino'),
  (2315,13,'Senador Jos Bento'),
  (2316,13,'Senador Modestino Gonalves'),
  (2317,13,'Senhora de Oliveira'),
  (2318,13,'Senhora do Porto'),
  (2319,13,'Senhora dos Remdios'),
  (2320,13,'Sericita'),
  (2321,13,'Seritinga'),
  (2322,13,'Serra Azul de Minas'),
  (2323,13,'Serra da Saudade'),
  (2324,13,'Serra do Salitre'),
  (2325,13,'Serra dos Aimors'),
  (2326,13,'Serrania'),
  (2327,13,'Serranpolis de Minas'),
  (2328,13,'Serranos'),
  (2329,13,'Serro'),
  (2330,13,'Sete Lagoas'),
  (2331,13,'Setubinha'),
  (2332,13,'Silveirnia'),
  (2333,13,'Silvianpolis'),
  (2334,13,'Simo Pereira'),
  (2335,13,'Simonsia'),
  (2336,13,'Sobrlia'),
  (2337,13,'Soledade de Minas'),
  (2338,13,'Tabuleiro'),
  (2339,13,'Taiobeiras'),
  (2340,13,'Taparuba'),
  (2341,13,'Tapira'),
  (2342,13,'Tapira'),
  (2343,13,'Taquarau de Minas'),
  (2344,13,'Tarumirim'),
  (2345,13,'Teixeiras'),
  (2346,13,'Tefilo Otoni'),
  (2347,13,'Timteo'),
  (2348,13,'Tiradentes'),
  (2349,13,'Tiros'),
  (2350,13,'Tocantins'),
  (2351,13,'Tocos do Moji'),
  (2352,13,'Toledo'),
  (2353,13,'Tombos'),
  (2354,13,'Trs Coraes'),
  (2355,13,'Trs Marias'),
  (2356,13,'Trs Pontas'),
  (2357,13,'Tumiritinga'),
  (2358,13,'Tupaciguara'),
  (2359,13,'Turmalina'),
  (2360,13,'Turvolndia'),
  (2361,13,'Ub'),
  (2362,13,'Uba'),
  (2363,13,'Ubaporanga'),
  (2364,13,'Uberaba'),
  (2365,13,'Uberlndia'),
  (2366,13,'Umburatiba'),
  (2367,13,'Una'),
  (2368,13,'Unio de Minas'),
  (2369,13,'Uruana de Minas'),
  (2370,13,'Urucnia'),
  (2371,13,'Urucuia'),
  (2372,13,'Vargem Alegre'),
  (2373,13,'Vargem Bonita'),
  (2374,13,'Vargem Grande do Rio Pardo'),
  (2375,13,'Varginha'),
  (2376,13,'Varjo de Minas'),
  (2377,13,'Vrzea da Palma'),
  (2378,13,'Varzelndia'),
  (2379,13,'Vazante'),
  (2380,13,'Verdelndia'),
  (2381,13,'Veredinha'),
  (2382,13,'Verssimo'),
  (2383,13,'Vermelho Novo'),
  (2384,13,'Vespasiano'),
  (2385,13,'Viosa'),
  (2386,13,'Vieiras'),
  (2387,13,'Virgem da Lapa'),
  (2388,13,'Virgnia'),
  (2389,13,'Virginpolis'),
  (2390,13,'Virgolndia'),
  (2391,13,'Visconde do Rio Branco'),
  (2392,13,'Volta Grande'),
  (2393,13,'Wenceslau Braz'),
  (2394,14,'Abaetetuba'),
  (2395,14,'Abel Figueiredo'),
  (2396,14,'Acar'),
  (2397,14,'Afu'),
  (2398,14,'gua Azul do Norte'),
  (2399,14,'Alenquer'),
  (2400,14,'Almeirim'),
  (2401,14,'Altamira'),
  (2402,14,'Anajs'),
  (2403,14,'Ananindeua'),
  (2404,14,'Anapu'),
  (2405,14,'Augusto Corra'),
  (2406,14,'Aurora do Par'),
  (2407,14,'Aveiro'),
  (2408,14,'Bagre'),
  (2409,14,'Baio'),
  (2410,14,'Bannach'),
  (2411,14,'Barcarena'),
  (2412,14,'Belm'),
  (2413,14,'Belterra'),
  (2414,14,'Benevides'),
  (2415,14,'Bom Jesus do Tocantins'),
  (2416,14,'Bonito'),
  (2417,14,'Bragana'),
  (2418,14,'Brasil Novo'),
  (2419,14,'Brejo Grande do Araguaia'),
  (2420,14,'Breu Branco'),
  (2421,14,'Breves'),
  (2422,14,'Bujaru'),
  (2423,14,'Cachoeira do Arari'),
  (2424,14,'Cachoeira do Piri'),
  (2425,14,'Camet'),
  (2426,14,'Cana dos Carajs'),
  (2427,14,'Capanema'),
  (2428,14,'Capito Poo'),
  (2429,14,'Castanhal'),
  (2430,14,'Chaves'),
  (2431,14,'Colares'),
  (2432,14,'Conceio do Araguaia'),
  (2433,14,'Concrdia do Par'),
  (2434,14,'Cumaru do Norte'),
  (2435,14,'Curionpolis'),
  (2436,14,'Curralinho'),
  (2437,14,'Curu'),
  (2438,14,'Curu'),
  (2439,14,'Dom Eliseu'),
  (2440,14,'Eldorado dos Carajs'),
  (2441,14,'Faro'),
  (2442,14,'Floresta do Araguaia'),
  (2443,14,'Garrafo do Norte'),
  (2444,14,'Goiansia do Par'),
  (2445,14,'Gurup'),
  (2446,14,'Igarap-Au'),
  (2447,14,'Igarap-Miri'),
  (2448,14,'Inhangapi'),
  (2449,14,'Ipixuna do Par'),
  (2450,14,'Irituia'),
  (2451,14,'Itaituba'),
  (2452,14,'Itupiranga'),
  (2453,14,'Jacareacanga'),
  (2454,14,'Jacund'),
  (2455,14,'Juruti'),
  (2456,14,'Limoeiro do Ajuru'),
  (2457,14,'Me do Rio'),
  (2458,14,'Magalhes Barata'),
  (2459,14,'Marab'),
  (2460,14,'Maracan'),
  (2461,14,'Marapanim'),
  (2462,14,'Marituba'),
  (2463,14,'Medicilndia'),
  (2464,14,'Melgao'),
  (2465,14,'Mocajuba'),
  (2466,14,'Moju'),
  (2467,14,'Monte Alegre'),
  (2468,14,'Muan'),
  (2469,14,'Nova Esperana do Piri'),
  (2470,14,'Nova Ipixuna'),
  (2471,14,'Nova Timboteua'),
  (2472,14,'Novo Progresso'),
  (2473,14,'Novo Repartimento'),
  (2474,14,'bidos'),
  (2475,14,'Oeiras do Par'),
  (2476,14,'Oriximin'),
  (2477,14,'Ourm'),
  (2478,14,'Ourilndia do Norte'),
  (2479,14,'Pacaj'),
  (2480,14,'Palestina do Par'),
  (2481,14,'Paragominas'),
  (2482,14,'Parauapebas'),
  (2483,14,'Pau d`Arco'),
  (2484,14,'Peixe-Boi'),
  (2485,14,'Piarra'),
  (2486,14,'Placas'),
  (2487,14,'Ponta de Pedras'),
  (2488,14,'Portel'),
  (2489,14,'Porto de Moz'),
  (2490,14,'Prainha'),
  (2491,14,'Primavera'),
  (2492,14,'Quatipuru'),
  (2493,14,'Redeno'),
  (2494,14,'Rio Maria'),
  (2495,14,'Rondon do Par'),
  (2496,14,'Rurpolis'),
  (2497,14,'Salinpolis'),
  (2498,14,'Salvaterra'),
  (2499,14,'Santa Brbara do Par'),
  (2500,14,'Santa Cruz do Arari');

COMMIT;

#
# Data for the `cidade` table  (LIMIT 2000,500)
#

INSERT INTO `cidade` (`cid_id`, `est_id`, `cid_nome`) VALUES 
  (2501,14,'Santa Isabel do Par'),
  (2502,14,'Santa Luzia do Par'),
  (2503,14,'Santa Maria das Barreiras'),
  (2504,14,'Santa Maria do Par'),
  (2505,14,'Santana do Araguaia'),
  (2506,14,'Santarm'),
  (2507,14,'Santarm Novo'),
  (2508,14,'Santo Antnio do Tau'),
  (2509,14,'So Caetano de Odivelas'),
  (2510,14,'So Domingos do Araguaia'),
  (2511,14,'So Domingos do Capim'),
  (2512,14,'So Flix do Xingu'),
  (2513,14,'So Francisco do Par'),
  (2514,14,'So Geraldo do Araguaia'),
  (2515,14,'So Joo da Ponta'),
  (2516,14,'So Joo de Pirabas'),
  (2517,14,'So Joo do Araguaia'),
  (2518,14,'So Miguel do Guam'),
  (2519,14,'So Sebastio da Boa Vista'),
  (2520,14,'Sapucaia'),
  (2521,14,'Senador Jos Porfrio'),
  (2522,14,'Soure'),
  (2523,14,'Tailndia'),
  (2524,14,'Terra Alta'),
  (2525,14,'Terra Santa'),
  (2526,14,'Tom-Au'),
  (2527,14,'Tracuateua'),
  (2528,14,'Trairo'),
  (2529,14,'Tucum'),
  (2530,14,'Tucuru'),
  (2531,14,'Ulianpolis'),
  (2532,14,'Uruar'),
  (2533,14,'Vigia'),
  (2534,14,'Viseu'),
  (2535,14,'Vitria do Xingu'),
  (2536,14,'Xinguara'),
  (2537,15,'gua Branca'),
  (2538,15,'Aguiar'),
  (2539,15,'Alagoa Grande'),
  (2540,15,'Alagoa Nova'),
  (2541,15,'Alagoinha'),
  (2542,15,'Alcantil'),
  (2543,15,'Algodo de Jandara'),
  (2544,15,'Alhandra'),
  (2545,15,'Amparo'),
  (2546,15,'Aparecida'),
  (2547,15,'Araagi'),
  (2548,15,'Arara'),
  (2549,15,'Araruna'),
  (2550,15,'Areia'),
  (2551,15,'Areia de Baranas'),
  (2552,15,'Areial'),
  (2553,15,'Aroeiras'),
  (2554,15,'Assuno'),
  (2555,15,'Baa da Traio'),
  (2556,15,'Bananeiras'),
  (2557,15,'Barana'),
  (2558,15,'Barra de Santa Rosa'),
  (2559,15,'Barra de Santana'),
  (2560,15,'Barra de So Miguel'),
  (2561,15,'Bayeux'),
  (2562,15,'Belm'),
  (2563,15,'Belm do Brejo do Cruz'),
  (2564,15,'Bernardino Batista'),
  (2565,15,'Boa Ventura'),
  (2566,15,'Boa Vista'),
  (2567,15,'Bom Jesus'),
  (2568,15,'Bom Sucesso'),
  (2569,15,'Bonito de Santa F'),
  (2570,15,'Boqueiro'),
  (2571,15,'Borborema'),
  (2572,15,'Brejo do Cruz'),
  (2573,15,'Brejo dos Santos'),
  (2574,15,'Caapor'),
  (2575,15,'Cabaceiras'),
  (2576,15,'Cabedelo'),
  (2577,15,'Cachoeira dos ndios'),
  (2578,15,'Cacimba de Areia'),
  (2579,15,'Cacimba de Dentro'),
  (2580,15,'Cacimbas'),
  (2581,15,'Caiara'),
  (2582,15,'Cajazeiras'),
  (2583,15,'Cajazeirinhas'),
  (2584,15,'Caldas Brando'),
  (2585,15,'Camala'),
  (2586,15,'Campina Grande'),
  (2587,15,'Campo de Santana'),
  (2588,15,'Capim'),
  (2589,15,'Carabas'),
  (2590,15,'Carrapateira'),
  (2591,15,'Casserengue'),
  (2592,15,'Catingueira'),
  (2593,15,'Catol do Rocha'),
  (2594,15,'Caturit'),
  (2595,15,'Conceio'),
  (2596,15,'Condado'),
  (2597,15,'Conde'),
  (2598,15,'Congo'),
  (2599,15,'Coremas'),
  (2600,15,'Coxixola'),
  (2601,15,'Cruz do Esprito Santo'),
  (2602,15,'Cubati'),
  (2603,15,'Cuit'),
  (2604,15,'Cuit de Mamanguape'),
  (2605,15,'Cuitegi'),
  (2606,15,'Curral de Cima'),
  (2607,15,'Curral Velho'),
  (2608,15,'Damio'),
  (2609,15,'Desterro'),
  (2610,15,'Diamante'),
  (2611,15,'Dona Ins'),
  (2612,15,'Duas Estradas'),
  (2613,15,'Emas'),
  (2614,15,'Esperana'),
  (2615,15,'Fagundes'),
  (2616,15,'Frei Martinho'),
  (2617,15,'Gado Bravo'),
  (2618,15,'Guarabira'),
  (2619,15,'Gurinhm'),
  (2620,15,'Gurjo'),
  (2621,15,'Ibiara'),
  (2622,15,'Igaracy'),
  (2623,15,'Imaculada'),
  (2624,15,'Ing'),
  (2625,15,'Itabaiana'),
  (2626,15,'Itaporanga'),
  (2627,15,'Itapororoca'),
  (2628,15,'Itatuba'),
  (2629,15,'Jacara'),
  (2630,15,'Jeric'),
  (2631,15,'Joo Pessoa'),
  (2632,15,'Juarez Tvora'),
  (2633,15,'Juazeirinho'),
  (2634,15,'Junco do Serid'),
  (2635,15,'Juripiranga'),
  (2636,15,'Juru'),
  (2637,15,'Lagoa'),
  (2638,15,'Lagoa de Dentro'),
  (2639,15,'Lagoa Seca'),
  (2640,15,'Lastro'),
  (2641,15,'Livramento'),
  (2642,15,'Logradouro'),
  (2643,15,'Lucena'),
  (2644,15,'Me d`gua'),
  (2645,15,'Malta'),
  (2646,15,'Mamanguape'),
  (2647,15,'Manara'),
  (2648,15,'Marcao'),
  (2649,15,'Mari'),
  (2650,15,'Marizpolis'),
  (2651,15,'Massaranduba'),
  (2652,15,'Mataraca'),
  (2653,15,'Matinhas'),
  (2654,15,'Mato Grosso'),
  (2655,15,'Maturia'),
  (2656,15,'Mogeiro'),
  (2657,15,'Montadas'),
  (2658,15,'Monte Horebe'),
  (2659,15,'Monteiro'),
  (2660,15,'Mulungu'),
  (2661,15,'Natuba'),
  (2662,15,'Nazarezinho'),
  (2663,15,'Nova Floresta'),
  (2664,15,'Nova Olinda'),
  (2665,15,'Nova Palmeira'),
  (2666,15,'Olho d`gua'),
  (2667,15,'Olivedos'),
  (2668,15,'Ouro Velho'),
  (2669,15,'Parari'),
  (2670,15,'Passagem'),
  (2671,15,'Patos'),
  (2672,15,'Paulista'),
  (2673,15,'Pedra Branca'),
  (2674,15,'Pedra Lavrada'),
  (2675,15,'Pedras de Fogo'),
  (2676,15,'Pedro Rgis'),
  (2677,15,'Pianc'),
  (2678,15,'Picu'),
  (2679,15,'Pilar'),
  (2680,15,'Piles'),
  (2681,15,'Pilezinhos'),
  (2682,15,'Pirpirituba'),
  (2683,15,'Pitimbu'),
  (2684,15,'Pocinhos'),
  (2685,15,'Poo Dantas'),
  (2686,15,'Poo de Jos de Moura'),
  (2687,15,'Pombal'),
  (2688,15,'Prata'),
  (2689,15,'Princesa Isabel'),
  (2690,15,'Puxinan'),
  (2691,15,'Queimadas'),
  (2692,15,'Quixab'),
  (2693,15,'Remgio'),
  (2694,15,'Riacho'),
  (2695,15,'Riacho do Bacamarte'),
  (2696,15,'Riacho do Poo'),
  (2697,15,'Riacho de Santo Antnio'),
  (2698,15,'Riacho dos Cavalos'),
  (2699,15,'Rio Tinto'),
  (2700,15,'Salgadinho'),
  (2701,15,'Salgado de So Flix'),
  (2702,15,'Santa Ceclia'),
  (2703,15,'Santa Cruz'),
  (2704,15,'Santa Helena'),
  (2705,15,'Santa Ins'),
  (2706,15,'Santa Luzia'),
  (2707,15,'Santa Rita'),
  (2708,15,'Santa Teresinha'),
  (2709,15,'Santana de Mangueira'),
  (2710,15,'Santana dos Garrotes'),
  (2711,15,'Santarm'),
  (2712,15,'Santo Andr'),
  (2713,15,'So Bentinho'),
  (2714,15,'So Bento'),
  (2715,15,'So Domingos de Pombal'),
  (2716,15,'So Domingos do Cariri'),
  (2717,15,'So Francisco'),
  (2718,15,'So Joo do Cariri'),
  (2719,15,'So Joo do Rio do Peixe'),
  (2720,15,'So Joo do Tigre'),
  (2721,15,'So Jos da Lagoa Tapada'),
  (2722,15,'So Jos de Caiana'),
  (2723,15,'So Jos de Espinharas'),
  (2724,15,'So Jos de Piranhas'),
  (2725,15,'So Jos de Princesa'),
  (2726,15,'So Jos do Bonfim'),
  (2727,15,'So Jos do Brejo do Cruz'),
  (2728,15,'So Jos do Sabugi'),
  (2729,15,'So Jos dos Cordeiros'),
  (2730,15,'So Jos dos Ramos'),
  (2731,15,'So Mamede'),
  (2732,15,'So Miguel de Taipu'),
  (2733,15,'So Sebastio de Lagoa de Roa'),
  (2734,15,'So Sebastio do Umbuzeiro'),
  (2735,15,'Sap'),
  (2736,15,'Serid'),
  (2737,15,'Serra Branca'),
  (2738,15,'Serra da Raiz'),
  (2739,15,'Serra Grande'),
  (2740,15,'Serra Redonda'),
  (2741,15,'Serraria'),
  (2742,15,'Sertozinho'),
  (2743,15,'Sobrado'),
  (2744,15,'Solnea'),
  (2745,15,'Soledade'),
  (2746,15,'Sossgo'),
  (2747,15,'Sousa'),
  (2748,15,'Sum'),
  (2749,15,'Tapero'),
  (2750,15,'Tavares'),
  (2751,15,'Teixeira'),
  (2752,15,'Tenrio'),
  (2753,15,'Triunfo'),
  (2754,15,'Uirana'),
  (2755,15,'Umbuzeiro'),
  (2756,15,'Vrzea'),
  (2757,15,'Vieirpolis'),
  (2758,15,'Vista Serrana'),
  (2759,15,'Zabel'),
  (2760,16,'Abati'),
  (2761,16,'Adrianpolis'),
  (2762,16,'Agudos do Sul'),
  (2763,16,'Almirante Tamandar'),
  (2764,16,'Altamira do Paran'),
  (2765,16,'Alto Paran'),
  (2766,16,'Alto Piquiri'),
  (2767,16,'Altnia'),
  (2768,16,'Alvorada do Sul'),
  (2769,16,'Amapor'),
  (2770,16,'Ampre'),
  (2771,16,'Anahy'),
  (2772,16,'Andir'),
  (2773,16,'ngulo'),
  (2774,16,'Antonina'),
  (2775,16,'Antnio Olinto'),
  (2776,16,'Apucarana'),
  (2777,16,'Arapongas'),
  (2778,16,'Arapoti'),
  (2779,16,'Arapu'),
  (2780,16,'Araruna'),
  (2781,16,'Araucria'),
  (2782,16,'Ariranha do Iva'),
  (2783,16,'Assa'),
  (2784,16,'Assis Chateaubriand'),
  (2785,16,'Astorga'),
  (2786,16,'Atalaia'),
  (2787,16,'Balsa Nova'),
  (2788,16,'Bandeirantes'),
  (2789,16,'Barbosa Ferraz'),
  (2790,16,'Barra do Jacar'),
  (2791,16,'Barraco'),
  (2792,16,'Bela Vista da Caroba'),
  (2793,16,'Bela Vista do Paraso'),
  (2794,16,'Bituruna'),
  (2795,16,'Boa Esperana'),
  (2796,16,'Boa Esperana do Iguau'),
  (2797,16,'Boa Ventura de So Roque'),
  (2798,16,'Boa Vista da Aparecida'),
  (2799,16,'Bocaiva do Sul'),
  (2800,16,'Bom Jesus do Sul'),
  (2801,16,'Bom Sucesso'),
  (2802,16,'Bom Sucesso do Sul'),
  (2803,16,'Borrazpolis'),
  (2804,16,'Braganey'),
  (2805,16,'Brasilndia do Sul'),
  (2806,16,'Cafeara'),
  (2807,16,'Cafelndia'),
  (2808,16,'Cafezal do Sul'),
  (2809,16,'Califrnia'),
  (2810,16,'Cambar'),
  (2811,16,'Camb'),
  (2812,16,'Cambira'),
  (2813,16,'Campina da Lagoa'),
  (2814,16,'Campina do Simo'),
  (2815,16,'Campina Grande do Sul'),
  (2816,16,'Campo Bonito'),
  (2817,16,'Campo do Tenente'),
  (2818,16,'Campo Largo'),
  (2819,16,'Campo Magro'),
  (2820,16,'Campo Mouro'),
  (2821,16,'Cndido de Abreu'),
  (2822,16,'Candi'),
  (2823,16,'Cantagalo'),
  (2824,16,'Capanema'),
  (2825,16,'Capito Lenidas Marques'),
  (2826,16,'Carambe'),
  (2827,16,'Carlpolis'),
  (2828,16,'Cascavel'),
  (2829,16,'Castro'),
  (2830,16,'Catanduvas'),
  (2831,16,'Centenrio do Sul'),
  (2832,16,'Cerro Azul'),
  (2833,16,'Cu Azul'),
  (2834,16,'Chopinzinho'),
  (2835,16,'Cianorte'),
  (2836,16,'Cidade Gacha'),
  (2837,16,'Clevelndia'),
  (2838,16,'Colombo'),
  (2839,16,'Colorado'),
  (2840,16,'Congonhinhas'),
  (2841,16,'Conselheiro Mairinck'),
  (2842,16,'Contenda'),
  (2843,16,'Corblia'),
  (2844,16,'Cornlio Procpio'),
  (2845,16,'Coronel Domingos Soares'),
  (2846,16,'Coronel Vivida'),
  (2847,16,'Corumbata do Sul'),
  (2848,16,'Cruz Machado'),
  (2849,16,'Cruzeiro do Iguau'),
  (2850,16,'Cruzeiro do Oeste'),
  (2851,16,'Cruzeiro do Sul'),
  (2852,16,'Cruzmaltina'),
  (2853,16,'Curitiba'),
  (2854,16,'Curiva'),
  (2855,16,'Diamante d`Oeste'),
  (2856,16,'Diamante do Norte'),
  (2857,16,'Diamante do Sul'),
  (2858,16,'Dois Vizinhos'),
  (2859,16,'Douradina'),
  (2860,16,'Doutor Camargo'),
  (2861,16,'Doutor Ulysses'),
  (2862,16,'Enas Marques'),
  (2863,16,'Engenheiro Beltro'),
  (2864,16,'Entre Rios do Oeste'),
  (2865,16,'Esperana Nova'),
  (2866,16,'Espigo Alto do Iguau'),
  (2867,16,'Farol'),
  (2868,16,'Faxinal'),
  (2869,16,'Fazenda Rio Grande'),
  (2870,16,'Fnix'),
  (2871,16,'Fernandes Pinheiro'),
  (2872,16,'Figueira'),
  (2873,16,'Flor da Serra do Sul'),
  (2874,16,'Flora'),
  (2875,16,'Floresta'),
  (2876,16,'Florestpolis'),
  (2877,16,'Flrida'),
  (2878,16,'Formosa do Oeste'),
  (2879,16,'Foz do Iguau'),
  (2880,16,'Foz do Jordo'),
  (2881,16,'Francisco Alves'),
  (2882,16,'Francisco Beltro'),
  (2883,16,'General Carneiro'),
  (2884,16,'Godoy Moreira'),
  (2885,16,'Goioer'),
  (2886,16,'Goioxim'),
  (2887,16,'Grandes Rios'),
  (2888,16,'Guara'),
  (2889,16,'Guaira'),
  (2890,16,'Guamiranga'),
  (2891,16,'Guapirama'),
  (2892,16,'Guaporema'),
  (2893,16,'Guaraci'),
  (2894,16,'Guaraniau'),
  (2895,16,'Guarapuava'),
  (2896,16,'Guaraqueaba'),
  (2897,16,'Guaratuba'),
  (2898,16,'Honrio Serpa'),
  (2899,16,'Ibaiti'),
  (2900,16,'Ibema'),
  (2901,16,'Ibipor'),
  (2902,16,'Icarama'),
  (2903,16,'Iguarau'),
  (2904,16,'Iguatu'),
  (2905,16,'Imba'),
  (2906,16,'Imbituva'),
  (2907,16,'Incio Martins'),
  (2908,16,'Inaj'),
  (2909,16,'Indianpolis'),
  (2910,16,'Ipiranga'),
  (2911,16,'Ipor'),
  (2912,16,'Iracema do Oeste'),
  (2913,16,'Irati'),
  (2914,16,'Iretama'),
  (2915,16,'Itaguaj'),
  (2916,16,'Itaipulndia'),
  (2917,16,'Itambarac'),
  (2918,16,'Itamb'),
  (2919,16,'Itapejara d`Oeste'),
  (2920,16,'Itaperuu'),
  (2921,16,'Itana do Sul'),
  (2922,16,'Iva'),
  (2923,16,'Ivaipor'),
  (2924,16,'Ivat'),
  (2925,16,'Ivatuba'),
  (2926,16,'Jaboti'),
  (2927,16,'Jacarezinho'),
  (2928,16,'Jaguapit'),
  (2929,16,'Jaguariava'),
  (2930,16,'Jandaia do Sul'),
  (2931,16,'Janipolis'),
  (2932,16,'Japira'),
  (2933,16,'Japur'),
  (2934,16,'Jardim Alegre'),
  (2935,16,'Jardim Olinda'),
  (2936,16,'Jataizinho'),
  (2937,16,'Jesutas'),
  (2938,16,'Joaquim Tvora'),
  (2939,16,'Jundia do Sul'),
  (2940,16,'Juranda'),
  (2941,16,'Jussara'),
  (2942,16,'Kalor'),
  (2943,16,'Lapa'),
  (2944,16,'Laranjal'),
  (2945,16,'Laranjeiras do Sul'),
  (2946,16,'Lepolis'),
  (2947,16,'Lidianpolis'),
  (2948,16,'Lindoeste'),
  (2949,16,'Loanda'),
  (2950,16,'Lobato'),
  (2951,16,'Londrina'),
  (2952,16,'Luiziana'),
  (2953,16,'Lunardelli'),
  (2954,16,'Lupionpolis'),
  (2955,16,'Mallet'),
  (2956,16,'Mambor'),
  (2957,16,'Mandaguau'),
  (2958,16,'Mandaguari'),
  (2959,16,'Mandirituba'),
  (2960,16,'Manfrinpolis'),
  (2961,16,'Mangueirinha'),
  (2962,16,'Manoel Ribas'),
  (2963,16,'Marechal Cndido Rondon'),
  (2964,16,'Maria Helena'),
  (2965,16,'Marialva'),
  (2966,16,'Marilndia do Sul'),
  (2967,16,'Marilena'),
  (2968,16,'Mariluz'),
  (2969,16,'Maring'),
  (2970,16,'Maripolis'),
  (2971,16,'Marip'),
  (2972,16,'Marmeleiro'),
  (2973,16,'Marquinho'),
  (2974,16,'Marumbi'),
  (2975,16,'Matelndia'),
  (2976,16,'Matinhos'),
  (2977,16,'Mato Rico'),
  (2978,16,'Mau da Serra'),
  (2979,16,'Medianeira'),
  (2980,16,'Mercedes'),
  (2981,16,'Mirador'),
  (2982,16,'Miraselva'),
  (2983,16,'Missal'),
  (2984,16,'Moreira Sales'),
  (2985,16,'Morretes'),
  (2986,16,'Munhoz de Melo'),
  (2987,16,'Nossa Senhora das Graas'),
  (2988,16,'Nova Aliana do Iva'),
  (2989,16,'Nova Amrica da Colina'),
  (2990,16,'Nova Aurora'),
  (2991,16,'Nova Cantu'),
  (2992,16,'Nova Esperana'),
  (2993,16,'Nova Esperana do Sudoeste'),
  (2994,16,'Nova Ftima'),
  (2995,16,'Nova Laranjeiras'),
  (2996,16,'Nova Londrina'),
  (2997,16,'Nova Olmpia'),
  (2998,16,'Nova Prata do Iguau'),
  (2999,16,'Nova Santa Brbara'),
  (3000,16,'Nova Santa Rosa');

COMMIT;

#
# Data for the `cidade` table  (LIMIT 2500,500)
#

INSERT INTO `cidade` (`cid_id`, `est_id`, `cid_nome`) VALUES 
  (3001,16,'Nova Tebas'),
  (3002,16,'Novo Itacolomi'),
  (3003,16,'Ortigueira'),
  (3004,16,'Ourizona'),
  (3005,16,'Ouro Verde do Oeste'),
  (3006,16,'Paiandu'),
  (3007,16,'Palmas'),
  (3008,16,'Palmeira'),
  (3009,16,'Palmital'),
  (3010,16,'Palotina'),
  (3011,16,'Paraso do Norte'),
  (3012,16,'Paranacity'),
  (3013,16,'Paranagu'),
  (3014,16,'Paranapoema'),
  (3015,16,'Paranava'),
  (3016,16,'Pato Bragado'),
  (3017,16,'Pato Branco'),
  (3018,16,'Paula Freitas'),
  (3019,16,'Paulo Frontin'),
  (3020,16,'Peabiru'),
  (3021,16,'Perobal'),
  (3022,16,'Prola'),
  (3023,16,'Prola d`Oeste'),
  (3024,16,'Pin'),
  (3025,16,'Pinhais'),
  (3026,16,'Pinhal de So Bento'),
  (3027,16,'Pinhalo'),
  (3028,16,'Pinho'),
  (3029,16,'Pira do Sul'),
  (3030,16,'Piraquara'),
  (3031,16,'Pitanga'),
  (3032,16,'Pitangueiras'),
  (3033,16,'Planaltina do Paran'),
  (3034,16,'Planalto'),
  (3035,16,'Ponta Grossa'),
  (3036,16,'Pontal do Paran'),
  (3037,16,'Porecatu'),
  (3038,16,'Porto Amazonas'),
  (3039,16,'Porto Barreiro'),
  (3040,16,'Porto Rico'),
  (3041,16,'Porto Vitria'),
  (3042,16,'Prado Ferreira'),
  (3043,16,'Pranchita'),
  (3044,16,'Presidente Castelo Branco'),
  (3045,16,'Primeiro de Maio'),
  (3046,16,'Prudentpolis'),
  (3047,16,'Quarto Centenrio'),
  (3048,16,'Quatigu'),
  (3049,16,'Quatro Barras'),
  (3050,16,'Quatro Pontes'),
  (3051,16,'Quedas do Iguau'),
  (3052,16,'Querncia do Norte'),
  (3053,16,'Quinta do Sol'),
  (3054,16,'Quitandinha'),
  (3055,16,'Ramilndia'),
  (3056,16,'Rancho Alegre'),
  (3057,16,'Rancho Alegre d`Oeste'),
  (3058,16,'Realeza'),
  (3059,16,'Rebouas'),
  (3060,16,'Renascena'),
  (3061,16,'Reserva'),
  (3062,16,'Reserva do Iguau'),
  (3063,16,'Ribeiro Claro'),
  (3064,16,'Ribeiro do Pinhal'),
  (3065,16,'Rio Azul'),
  (3066,16,'Rio Bom'),
  (3067,16,'Rio Bonito do Iguau'),
  (3068,16,'Rio Branco do Iva'),
  (3069,16,'Rio Branco do Sul'),
  (3070,16,'Rio Negro'),
  (3071,16,'Rolndia'),
  (3072,16,'Roncador'),
  (3073,16,'Rondon'),
  (3074,16,'Rosrio do Iva'),
  (3075,16,'Sabudia'),
  (3076,16,'Salgado Filho'),
  (3077,16,'Salto do Itarar'),
  (3078,16,'Salto do Lontra'),
  (3079,16,'Santa Amlia'),
  (3080,16,'Santa Ceclia do Pavo'),
  (3081,16,'Santa Cruz de Monte Castelo'),
  (3082,16,'Santa F'),
  (3083,16,'Santa Helena'),
  (3084,16,'Santa Ins'),
  (3085,16,'Santa Isabel do Iva'),
  (3086,16,'Santa Izabel do Oeste'),
  (3087,16,'Santa Lcia'),
  (3088,16,'Santa Maria do Oeste'),
  (3089,16,'Santa Mariana'),
  (3090,16,'Santa Mnica'),
  (3091,16,'Santa Tereza do Oeste'),
  (3092,16,'Santa Terezinha de Itaipu'),
  (3093,16,'Santana do Itarar'),
  (3094,16,'Santo Antnio da Platina'),
  (3095,16,'Santo Antnio do Caiu'),
  (3096,16,'Santo Antnio do Paraso'),
  (3097,16,'Santo Antnio do Sudoeste'),
  (3098,16,'Santo Incio'),
  (3099,16,'So Carlos do Iva'),
  (3100,16,'So Jernimo da Serra'),
  (3101,16,'So Joo'),
  (3102,16,'So Joo do Caiu'),
  (3103,16,'So Joo do Iva'),
  (3104,16,'So Joo do Triunfo'),
  (3105,16,'So Jorge d`Oeste'),
  (3106,16,'So Jorge do Iva'),
  (3107,16,'So Jorge do Patrocnio'),
  (3108,16,'So Jos da Boa Vista'),
  (3109,16,'So Jos das Palmeiras'),
  (3110,16,'So Jos dos Pinhais'),
  (3111,16,'So Manoel do Paran'),
  (3112,16,'So Mateus do Sul'),
  (3113,16,'So Miguel do Iguau'),
  (3114,16,'So Pedro do Iguau'),
  (3115,16,'So Pedro do Iva'),
  (3116,16,'So Pedro do Paran'),
  (3117,16,'So Sebastio da Amoreira'),
  (3118,16,'So Tom'),
  (3119,16,'Sapopema'),
  (3120,16,'Sarandi'),
  (3121,16,'Saudade do Iguau'),
  (3122,16,'Sengs'),
  (3123,16,'Serranpolis do Iguau'),
  (3124,16,'Sertaneja'),
  (3125,16,'Sertanpolis'),
  (3126,16,'Siqueira Campos'),
  (3127,16,'Sulina'),
  (3128,16,'Tamarana'),
  (3129,16,'Tamboara'),
  (3130,16,'Tapejara'),
  (3131,16,'Tapira'),
  (3132,16,'Teixeira Soares'),
  (3133,16,'Telmaco Borba'),
  (3134,16,'Terra Boa'),
  (3135,16,'Terra Rica'),
  (3136,16,'Terra Roxa'),
  (3137,16,'Tibagi'),
  (3138,16,'Tijucas do Sul'),
  (3139,16,'Toledo'),
  (3140,16,'Tomazina'),
  (3141,16,'Trs Barras do Paran'),
  (3142,16,'Tunas do Paran'),
  (3143,16,'Tuneiras do Oeste'),
  (3144,16,'Tupssi'),
  (3145,16,'Turvo'),
  (3146,16,'Ubirat'),
  (3147,16,'Umuarama'),
  (3148,16,'Unio da Vitria'),
  (3149,16,'Uniflor'),
  (3150,16,'Ura'),
  (3151,16,'Ventania'),
  (3152,16,'Vera Cruz do Oeste'),
  (3153,16,'Ver'),
  (3154,16,'Vila Alta'),
  (3155,16,'Virmond'),
  (3156,16,'Vitorino'),
  (3157,16,'Wenceslau Braz'),
  (3158,16,'Xambr'),
  (3159,17,'Abreu e Lima'),
  (3160,17,'Afogados da Ingazeira'),
  (3161,17,'Afrnio'),
  (3162,17,'Agrestina'),
  (3163,17,'gua Preta'),
  (3164,17,'guas Belas'),
  (3165,17,'Alagoinha'),
  (3166,17,'Aliana'),
  (3167,17,'Altinho'),
  (3168,17,'Amaraji'),
  (3169,17,'Angelim'),
  (3170,17,'Araoiaba'),
  (3171,17,'Araripina'),
  (3172,17,'Arcoverde'),
  (3173,17,'Barra de Guabiraba'),
  (3174,17,'Barreiros'),
  (3175,17,'Belm de Maria'),
  (3176,17,'Belm de So Francisco'),
  (3177,17,'Belo Jardim'),
  (3178,17,'Betnia'),
  (3179,17,'Bezerros'),
  (3180,17,'Bodoc'),
  (3181,17,'Bom Conselho'),
  (3182,17,'Bom Jardim'),
  (3183,17,'Bonito'),
  (3184,17,'Brejo'),
  (3185,17,'Brejinho'),
  (3186,17,'Brejo da Madre de Deus'),
  (3187,17,'Buenos Aires'),
  (3188,17,'Buque'),
  (3189,17,'Cabo de Santo Agostinho'),
  (3190,17,'Cabrob'),
  (3191,17,'Cachoeirinha'),
  (3192,17,'Caets'),
  (3193,17,'Calado'),
  (3194,17,'Calumbi'),
  (3195,17,'Camaragibe'),
  (3196,17,'Camocim de So Flix'),
  (3197,17,'Camutanga'),
  (3198,17,'Canhotinho'),
  (3199,17,'Capoeiras'),
  (3200,17,'Carnaba'),
  (3201,17,'Carnaubeira da Penha'),
  (3202,17,'Carpina'),
  (3203,17,'Caruaru'),
  (3204,17,'Casinhas'),
  (3205,17,'Catende'),
  (3206,17,'Cedro'),
  (3207,17,'Ch de Alegria'),
  (3208,17,'Ch Grande'),
  (3209,17,'Condado'),
  (3210,17,'Correntes'),
  (3211,17,'Corts'),
  (3212,17,'Cumaru'),
  (3213,17,'Cupira'),
  (3214,17,'Custdia'),
  (3215,17,'Dormentes'),
  (3216,17,'Escada'),
  (3217,17,'Exu'),
  (3218,17,'Feira Nova'),
  (3219,17,'Fernando de Noronha'),
  (3220,17,'Ferreiros'),
  (3221,17,'Flores'),
  (3222,17,'Floresta'),
  (3223,17,'Frei Miguelinho'),
  (3224,17,'Gameleira'),
  (3225,17,'Garanhuns'),
  (3226,17,'Glria do Goit'),
  (3227,17,'Goiana'),
  (3228,17,'Granito'),
  (3229,17,'Gravat'),
  (3230,17,'Iati'),
  (3231,17,'Ibimirim'),
  (3232,17,'Ibirajuba'),
  (3233,17,'Igarassu'),
  (3234,17,'Iguaraci'),
  (3235,17,'Inaj'),
  (3236,17,'Ingazeira'),
  (3237,17,'Ipojuca'),
  (3238,17,'Ipubi'),
  (3239,17,'Itacuruba'),
  (3240,17,'Itaba'),
  (3241,17,'Itamarac'),
  (3242,17,'Itamb'),
  (3243,17,'Itapetim'),
  (3244,17,'Itapissuma'),
  (3245,17,'Itaquitinga'),
  (3246,17,'Jaboato dos Guararapes'),
  (3247,17,'Jaqueira'),
  (3248,17,'Jataba'),
  (3249,17,'Jatob'),
  (3250,17,'Joo Alfredo'),
  (3251,17,'Joaquim Nabuco'),
  (3252,17,'Jucati'),
  (3253,17,'Jupi'),
  (3254,17,'Jurema'),
  (3255,17,'Lagoa do Carro'),
  (3256,17,'Lagoa do Itaenga'),
  (3257,17,'Lagoa do Ouro'),
  (3258,17,'Lagoa dos Gatos'),
  (3259,17,'Lagoa Grande'),
  (3260,17,'Lajedo'),
  (3261,17,'Limoeiro'),
  (3262,17,'Macaparana'),
  (3263,17,'Machados'),
  (3264,17,'Manari'),
  (3265,17,'Maraial'),
  (3266,17,'Mirandiba'),
  (3267,17,'Moreilndia'),
  (3268,17,'Moreno'),
  (3269,17,'Nazar da Mata'),
  (3270,17,'Olinda'),
  (3271,17,'Orob'),
  (3272,17,'Oroc'),
  (3273,17,'Ouricuri'),
  (3274,17,'Palmares'),
  (3275,17,'Palmeirina'),
  (3276,17,'Panelas'),
  (3277,17,'Paranatama'),
  (3278,17,'Parnamirim'),
  (3279,17,'Passira'),
  (3280,17,'Paudalho'),
  (3281,17,'Paulista'),
  (3282,17,'Pedra'),
  (3283,17,'Pesqueira'),
  (3284,17,'Petrolndia'),
  (3285,17,'Petrolina'),
  (3286,17,'Poo'),
  (3287,17,'Pombos'),
  (3288,17,'Primavera'),
  (3289,17,'Quipap'),
  (3290,17,'Quixaba'),
  (3291,17,'Recife'),
  (3292,17,'Riacho das Almas'),
  (3293,17,'Ribeiro'),
  (3294,17,'Rio Formoso'),
  (3295,17,'Sair'),
  (3296,17,'Salgadinho'),
  (3297,17,'Salgueiro'),
  (3298,17,'Salo'),
  (3299,17,'Sanhar'),
  (3300,17,'Santa Cruz'),
  (3301,17,'Santa Cruz da Baixa Verde'),
  (3302,17,'Santa Cruz do Capibaribe'),
  (3303,17,'Santa Filomena'),
  (3304,17,'Santa Maria da Boa Vista'),
  (3305,17,'Santa Maria do Cambuc'),
  (3306,17,'Santa Terezinha'),
  (3307,17,'So Benedito do Sul'),
  (3308,17,'So Bento do Una'),
  (3309,17,'So Caitano'),
  (3310,17,'So Joo'),
  (3311,17,'So Joaquim do Monte'),
  (3312,17,'So Jos da Coroa Grande'),
  (3313,17,'So Jos do Belmonte'),
  (3314,17,'So Jos do Egito'),
  (3315,17,'So Loureno da Mata'),
  (3316,17,'So Vicente Ferrer'),
  (3317,17,'Serra Talhada'),
  (3318,17,'Serrita'),
  (3319,17,'Sertnia'),
  (3320,17,'Sirinham'),
  (3321,17,'Solido'),
  (3322,17,'Surubim'),
  (3323,17,'Tabira'),
  (3324,17,'Tacaimb'),
  (3325,17,'Tacaratu'),
  (3326,17,'Tamandar'),
  (3327,17,'Taquaritinga do Norte'),
  (3328,17,'Terezinha'),
  (3329,17,'Terra Nova'),
  (3330,17,'Timbaba'),
  (3331,17,'Toritama'),
  (3332,17,'Tracunham'),
  (3333,17,'Trindade'),
  (3334,17,'Triunfo'),
  (3335,17,'Tupanatinga'),
  (3336,17,'Tuparetama'),
  (3337,17,'Venturosa'),
  (3338,17,'Verdejante'),
  (3339,17,'Vertente do Lrio'),
  (3340,17,'Vertentes'),
  (3341,17,'Vicncia'),
  (3342,17,'Vitria de Santo Anto'),
  (3343,17,'Xexu'),
  (3344,18,'Acau'),
  (3345,18,'Agricolndia'),
  (3346,18,'gua Branca'),
  (3347,18,'Alagoinha do Piau'),
  (3348,18,'Alegrete do Piau'),
  (3349,18,'Alto Long'),
  (3350,18,'Altos'),
  (3351,18,'Alvorada do Gurguia'),
  (3352,18,'Amarante'),
  (3353,18,'Angical do Piau'),
  (3354,18,'Ansio de Abreu'),
  (3355,18,'Antnio Almeida'),
  (3356,18,'Aroazes'),
  (3357,18,'Arraial'),
  (3358,18,'Assuno do Piau'),
  (3359,18,'Avelino Lopes'),
  (3360,18,'Baixa Grande do Ribeiro'),
  (3361,18,'Barra d`Alcntara'),
  (3362,18,'Barras'),
  (3363,18,'Barreiras do Piau'),
  (3364,18,'Barro Duro'),
  (3365,18,'Batalha'),
  (3366,18,'Bela Vista do Piau'),
  (3367,18,'Belm do Piau'),
  (3368,18,'Beneditinos'),
  (3369,18,'Bertolnia'),
  (3370,18,'Betnia do Piau'),
  (3371,18,'Boa Hora'),
  (3372,18,'Bocaina'),
  (3373,18,'Bom Jesus'),
  (3374,18,'Bom Princpio do Piau'),
  (3375,18,'Bonfim do Piau'),
  (3376,18,'Boqueiro do Piau'),
  (3377,18,'Brasileira'),
  (3378,18,'Brejo do Piau'),
  (3379,18,'Buriti dos Lopes'),
  (3380,18,'Buriti dos Montes'),
  (3381,18,'Cabeceiras do Piau'),
  (3382,18,'Cajazeiras do Piau'),
  (3383,18,'Cajueiro da Praia'),
  (3384,18,'Caldeiro Grande do Piau'),
  (3385,18,'Campinas do Piau'),
  (3386,18,'Campo Alegre do Fidalgo'),
  (3387,18,'Campo Grande do Piau'),
  (3388,18,'Campo Largo do Piau'),
  (3389,18,'Campo Maior'),
  (3390,18,'Canavieira'),
  (3391,18,'Canto do Buriti'),
  (3392,18,'Capito de Campos'),
  (3393,18,'Capito Gervsio Oliveira'),
  (3394,18,'Caracol'),
  (3395,18,'Carabas do Piau'),
  (3396,18,'Caridade do Piau'),
  (3397,18,'Castelo do Piau'),
  (3398,18,'Caxing'),
  (3399,18,'Cocal'),
  (3400,18,'Cocal de Telha'),
  (3401,18,'Cocal dos Alves'),
  (3402,18,'Coivaras'),
  (3403,18,'Colnia do Gurguia'),
  (3404,18,'Colnia do Piau'),
  (3405,18,'Conceio do Canind'),
  (3406,18,'Coronel Jos Dias'),
  (3407,18,'Corrente'),
  (3408,18,'Cristalndia do Piau'),
  (3409,18,'Cristino Castro'),
  (3410,18,'Curimat'),
  (3411,18,'Currais'),
  (3412,18,'Curral Novo do Piau'),
  (3413,18,'Curralinhos'),
  (3414,18,'Demerval Lobo'),
  (3415,18,'Dirceu Arcoverde'),
  (3416,18,'Dom Expedito Lopes'),
  (3417,18,'Dom Inocncio'),
  (3418,18,'Domingos Mouro'),
  (3419,18,'Elesbo Veloso'),
  (3420,18,'Eliseu Martins'),
  (3421,18,'Esperantina'),
  (3422,18,'Fartura do Piau'),
  (3423,18,'Flores do Piau'),
  (3424,18,'Floresta do Piau'),
  (3425,18,'Floriano'),
  (3426,18,'Francinpolis'),
  (3427,18,'Francisco Ayres'),
  (3428,18,'Francisco Macedo'),
  (3429,18,'Francisco Santos'),
  (3430,18,'Fronteiras'),
  (3431,18,'Geminiano'),
  (3432,18,'Gilbus'),
  (3433,18,'Guadalupe'),
  (3434,18,'Guaribas'),
  (3435,18,'Hugo Napoleo'),
  (3436,18,'Ilha Grande'),
  (3437,18,'Inhuma'),
  (3438,18,'Ipiranga do Piau'),
  (3439,18,'Isaas Coelho'),
  (3440,18,'Itainpolis'),
  (3441,18,'Itaueira'),
  (3442,18,'Jacobina do Piau'),
  (3443,18,'Jaics'),
  (3444,18,'Jardim do Mulato'),
  (3445,18,'Jatob do Piau'),
  (3446,18,'Jerumenha'),
  (3447,18,'Joo Costa'),
  (3448,18,'Joaquim Pires'),
  (3449,18,'Joca Marques'),
  (3450,18,'Jos de Freitas'),
  (3451,18,'Juazeiro do Piau'),
  (3452,18,'Jlio Borges'),
  (3453,18,'Jurema'),
  (3454,18,'Lagoa Alegre'),
  (3455,18,'Lagoa de So Francisco'),
  (3456,18,'Lagoa do Barro do Piau'),
  (3457,18,'Lagoa do Piau'),
  (3458,18,'Lagoa do Stio'),
  (3459,18,'Lagoinha do Piau'),
  (3460,18,'Landri Sales'),
  (3461,18,'Lus Correia'),
  (3462,18,'Luzilndia'),
  (3463,18,'Madeiro'),
  (3464,18,'Manoel Emdio'),
  (3465,18,'Marcolndia'),
  (3466,18,'Marcos Parente'),
  (3467,18,'Massap do Piau'),
  (3468,18,'Matias Olmpio'),
  (3469,18,'Miguel Alves'),
  (3470,18,'Miguel Leo'),
  (3471,18,'Milton Brando'),
  (3472,18,'Monsenhor Gil'),
  (3473,18,'Monsenhor Hiplito'),
  (3474,18,'Monte Alegre do Piau'),
  (3475,18,'Morro Cabea no Tempo'),
  (3476,18,'Morro do Chapu do Piau'),
  (3477,18,'Murici dos Portelas'),
  (3478,18,'Nazar do Piau'),
  (3479,18,'Nossa Senhora de Nazar'),
  (3480,18,'Nossa Senhora dos Remdios'),
  (3481,18,'Nova Santa Rita'),
  (3482,18,'Novo Oriente do Piau'),
  (3483,18,'Novo Santo Antnio'),
  (3484,18,'Oeiras'),
  (3485,18,'Olho d`gua do Piau'),
  (3486,18,'Padre Marcos'),
  (3487,18,'Paes Landim'),
  (3488,18,'Paje do Piau'),
  (3489,18,'Palmeira do Piau'),
  (3490,18,'Palmeirais'),
  (3491,18,'Paquet'),
  (3492,18,'Parnagu'),
  (3493,18,'Parnaba'),
  (3494,18,'Passagem Franca do Piau'),
  (3495,18,'Patos do Piau'),
  (3496,18,'Paulistana'),
  (3497,18,'Pavussu'),
  (3498,18,'Pedro II'),
  (3499,18,'Pedro Laurentino'),
  (3500,18,'Picos');

COMMIT;

#
# Data for the `cidade` table  (LIMIT 3000,500)
#

INSERT INTO `cidade` (`cid_id`, `est_id`, `cid_nome`) VALUES 
  (3501,18,'Pimenteiras'),
  (3502,18,'Pio IX'),
  (3503,18,'Piracuruca'),
  (3504,18,'Piripiri'),
  (3505,18,'Porto'),
  (3506,18,'Porto Alegre do Piau'),
  (3507,18,'Prata do Piau'),
  (3508,18,'Queimada Nova'),
  (3509,18,'Redeno do Gurguia'),
  (3510,18,'Regenerao'),
  (3511,18,'Riacho Frio'),
  (3512,18,'Ribeira do Piau'),
  (3513,18,'Ribeiro Gonalves'),
  (3514,18,'Rio Grande do Piau'),
  (3515,18,'Santa Cruz do Piau'),
  (3516,18,'Santa Cruz dos Milagres'),
  (3517,18,'Santa Filomena'),
  (3518,18,'Santa Luz'),
  (3519,18,'Santa Rosa do Piau'),
  (3520,18,'Santana do Piau'),
  (3521,18,'Santo Antnio de Lisboa'),
  (3522,18,'Santo Antnio dos Milagres'),
  (3523,18,'Santo Incio do Piau'),
  (3524,18,'So Braz do Piau'),
  (3525,18,'So Flix do Piau'),
  (3526,18,'So Francisco de Assis do Piau'),
  (3527,18,'So Francisco do Piau'),
  (3528,18,'So Gonalo do Gurguia'),
  (3529,18,'So Gonalo do Piau'),
  (3530,18,'So Joo da Canabrava'),
  (3531,18,'So Joo da Fronteira'),
  (3532,18,'So Joo da Serra'),
  (3533,18,'So Joo da Varjota'),
  (3534,18,'So Joo do Arraial'),
  (3535,18,'So Joo do Piau'),
  (3536,18,'So Jos do Divino'),
  (3537,18,'So Jos do Peixe'),
  (3538,18,'So Jos do Piau'),
  (3539,18,'So Julio'),
  (3540,18,'So Loureno do Piau'),
  (3541,18,'So Luis do Piau'),
  (3542,18,'So Miguel da Baixa Grande'),
  (3543,18,'So Miguel do Fidalgo'),
  (3544,18,'So Miguel do Tapuio'),
  (3545,18,'So Pedro do Piau'),
  (3546,18,'So Raimundo Nonato'),
  (3547,18,'Sebastio Barros'),
  (3548,18,'Sebastio Leal'),
  (3549,18,'Sigefredo Pacheco'),
  (3550,18,'Simes'),
  (3551,18,'Simplcio Mendes'),
  (3552,18,'Socorro do Piau'),
  (3553,18,'Sussuapara'),
  (3554,18,'Tamboril do Piau'),
  (3555,18,'Tanque do Piau'),
  (3556,18,'Teresina'),
  (3557,18,'Unio'),
  (3558,18,'Uruu'),
  (3559,18,'Valena do Piau'),
  (3560,18,'Vrzea Branca'),
  (3561,18,'Vrzea Grande'),
  (3562,18,'Vera Mendes'),
  (3563,18,'Vila Nova do Piau'),
  (3564,18,'Wall Ferraz'),
  (3565,19,'Angra dos Reis'),
  (3566,19,'Aperib'),
  (3567,19,'Araruama'),
  (3568,19,'Areal'),
  (3569,19,'Armao dos Bzios'),
  (3570,19,'Arraial do Cabo'),
  (3571,19,'Barra do Pira'),
  (3572,19,'Barra Mansa'),
  (3573,19,'Belford Roxo'),
  (3574,19,'Bom Jardim'),
  (3575,19,'Bom Jesus do Itabapoana'),
  (3576,19,'Cabo Frio'),
  (3577,19,'Cachoeiras de Macacu'),
  (3578,19,'Cambuci'),
  (3579,19,'Campos dos Goytacazes'),
  (3580,19,'Cantagalo'),
  (3581,19,'Carapebus'),
  (3582,19,'Cardoso Moreira'),
  (3583,19,'Carmo'),
  (3584,19,'Casimiro de Abreu'),
  (3585,19,'Comendador Levy Gasparian'),
  (3586,19,'Conceio de Macabu'),
  (3587,19,'Cordeiro'),
  (3588,19,'Duas Barras'),
  (3589,19,'Duque de Caxias'),
  (3590,19,'Engenheiro Paulo de Frontin'),
  (3591,19,'Guapimirim'),
  (3592,19,'Iguaba Grande'),
  (3593,19,'Itabora'),
  (3594,19,'Itagua'),
  (3595,19,'Italva'),
  (3596,19,'Itaocara'),
  (3597,19,'Itaperuna'),
  (3598,19,'Itatiaia'),
  (3599,19,'Japeri'),
  (3600,19,'Laje do Muria'),
  (3601,19,'Maca'),
  (3602,19,'Macuco'),
  (3603,19,'Mag'),
  (3604,19,'Mangaratiba'),
  (3605,19,'Maric'),
  (3606,19,'Mendes'),
  (3607,19,'Miguel Pereira'),
  (3608,19,'Miracema'),
  (3609,19,'Natividade'),
  (3610,19,'Nilpolis'),
  (3611,19,'Niteri'),
  (3612,19,'Nova Friburgo'),
  (3613,19,'Nova Iguau'),
  (3614,19,'Paracambi'),
  (3615,19,'Paraba do Sul'),
  (3616,19,'Parati'),
  (3617,19,'Paty do Alferes'),
  (3618,19,'Petrpolis'),
  (3619,19,'Pinheiral'),
  (3620,19,'Pira'),
  (3621,19,'Porcincula'),
  (3622,19,'Porto Real'),
  (3623,19,'Quatis'),
  (3624,19,'Queimados'),
  (3625,19,'Quissam'),
  (3626,19,'Resende'),
  (3627,19,'Rio Bonito'),
  (3628,19,'Rio Claro'),
  (3629,19,'Rio das Flores'),
  (3630,19,'Rio das Ostras'),
  (3631,19,'Rio de Janeiro'),
  (3632,19,'Santa Maria Madalena'),
  (3633,19,'Santo Antnio de Pdua'),
  (3634,19,'So Fidlis'),
  (3635,19,'So Francisco de Itabapoana'),
  (3636,19,'So Gonalo'),
  (3637,19,'So Joo da Barra'),
  (3638,19,'So Joo de Meriti'),
  (3639,19,'So Jos de Ub'),
  (3640,19,'So Jos do Vale do Rio Preto'),
  (3641,19,'So Pedro da Aldeia'),
  (3642,19,'So Sebastio do Alto'),
  (3643,19,'Sapucaia'),
  (3644,19,'Saquarema'),
  (3645,19,'Seropdica'),
  (3646,19,'Silva Jardim'),
  (3647,19,'Sumidouro'),
  (3648,19,'Tangu'),
  (3649,19,'Terespolis'),
  (3650,19,'Trajano de Morais'),
  (3651,19,'Trs Rios'),
  (3652,19,'Valena'),
  (3653,19,'Varre-Sai'),
  (3654,19,'Vassouras'),
  (3655,19,'Volta Redonda'),
  (3656,20,'Acari'),
  (3657,20,'Au'),
  (3658,20,'Afonso Bezerra'),
  (3659,20,'gua Nova'),
  (3660,20,'Alexandria'),
  (3661,20,'Almino Afonso'),
  (3662,20,'Alto do Rodrigues'),
  (3663,20,'Angicos'),
  (3664,20,'Antnio Martins'),
  (3665,20,'Apodi'),
  (3666,20,'Areia Branca'),
  (3667,20,'Ars'),
  (3668,20,'Augusto Severo'),
  (3669,20,'Baa Formosa'),
  (3670,20,'Barana'),
  (3671,20,'Barcelona'),
  (3672,20,'Bento Fernandes'),
  (3673,20,'Bod'),
  (3674,20,'Bom Jesus'),
  (3675,20,'Brejinho'),
  (3676,20,'Caiara do Norte'),
  (3677,20,'Caiara do Rio do Vento'),
  (3678,20,'Caic'),
  (3679,20,'Campo Redondo'),
  (3680,20,'Canguaretama'),
  (3681,20,'Carabas'),
  (3682,20,'Carnaba dos Dantas'),
  (3683,20,'Carnaubais'),
  (3684,20,'Cear-Mirim'),
  (3685,20,'Cerro Cor'),
  (3686,20,'Coronel Ezequiel'),
  (3687,20,'Coronel Joo Pessoa'),
  (3688,20,'Cruzeta'),
  (3689,20,'Currais Novos'),
  (3690,20,'Doutor Severiano'),
  (3691,20,'Encanto'),
  (3692,20,'Equador'),
  (3693,20,'Esprito Santo'),
  (3694,20,'Extremoz'),
  (3695,20,'Felipe Guerra'),
  (3696,20,'Fernando Pedroza'),
  (3697,20,'Flornia'),
  (3698,20,'Francisco Dantas'),
  (3699,20,'Frutuoso Gomes'),
  (3700,20,'Galinhos'),
  (3701,20,'Goianinha'),
  (3702,20,'Governador Dix-Sept Rosado'),
  (3703,20,'Grossos'),
  (3704,20,'Guamar'),
  (3705,20,'Ielmo Marinho'),
  (3706,20,'Ipanguau'),
  (3707,20,'Ipueira'),
  (3708,20,'Itaj'),
  (3709,20,'Ita'),
  (3710,20,'Jaan'),
  (3711,20,'Jandara'),
  (3712,20,'Jandus'),
  (3713,20,'Janurio Cicco'),
  (3714,20,'Japi'),
  (3715,20,'Jardim de Angicos'),
  (3716,20,'Jardim de Piranhas'),
  (3717,20,'Jardim do Serid'),
  (3718,20,'Joo Cmara'),
  (3719,20,'Joo Dias'),
  (3720,20,'Jos da Penha'),
  (3721,20,'Jucurutu'),
  (3722,20,'Lagoa d`Anta'),
  (3723,20,'Lagoa de Pedras'),
  (3724,20,'Lagoa de Velhos'),
  (3725,20,'Lagoa Nova'),
  (3726,20,'Lagoa Salgada'),
  (3727,20,'Lajes'),
  (3728,20,'Lajes Pintadas'),
  (3729,20,'Lucrcia'),
  (3730,20,'Lus Gomes'),
  (3731,20,'Macaba'),
  (3732,20,'Macau'),
  (3733,20,'Major Sales'),
  (3734,20,'Marcelino Vieira'),
  (3735,20,'Martins'),
  (3736,20,'Maxaranguape'),
  (3737,20,'Messias Targino'),
  (3738,20,'Montanhas'),
  (3739,20,'Monte Alegre'),
  (3740,20,'Monte das Gameleiras'),
  (3741,20,'Mossor'),
  (3742,20,'Natal'),
  (3743,20,'Nsia Floresta'),
  (3744,20,'Nova Cruz'),
  (3745,20,'Olho-d`gua do Borges'),
  (3746,20,'Ouro Branco'),
  (3747,20,'Paran'),
  (3748,20,'Para'),
  (3749,20,'Parazinho'),
  (3750,20,'Parelhas'),
  (3751,20,'Parnamirim'),
  (3752,20,'Passa e Fica'),
  (3753,20,'Passagem'),
  (3754,20,'Patu'),
  (3755,20,'Pau dos Ferros'),
  (3756,20,'Pedra Grande'),
  (3757,20,'Pedra Preta'),
  (3758,20,'Pedro Avelino'),
  (3759,20,'Pedro Velho'),
  (3760,20,'Pendncias'),
  (3761,20,'Piles'),
  (3762,20,'Poo Branco'),
  (3763,20,'Portalegre'),
  (3764,20,'Porto do Mangue'),
  (3765,20,'Presidente Juscelino'),
  (3766,20,'Pureza'),
  (3767,20,'Rafael Fernandes'),
  (3768,20,'Rafael Godeiro'),
  (3769,20,'Riacho da Cruz'),
  (3770,20,'Riacho de Santana'),
  (3771,20,'Riachuelo'),
  (3772,20,'Rio do Fogo'),
  (3773,20,'Rodolfo Fernandes'),
  (3774,20,'Ruy Barbosa'),
  (3775,20,'Santa Cruz'),
  (3776,20,'Santa Maria'),
  (3777,20,'Santana do Matos'),
  (3778,20,'Santana do Serid'),
  (3779,20,'Santo Antnio'),
  (3780,20,'So Bento do Norte'),
  (3781,20,'So Bento do Trair'),
  (3782,20,'So Fernando'),
  (3783,20,'So Francisco do Oeste'),
  (3784,20,'So Gonalo do Amarante'),
  (3785,20,'So Joo do Sabugi'),
  (3786,20,'So Jos de Mipibu'),
  (3787,20,'So Jos do Campestre'),
  (3788,20,'So Jos do Serid'),
  (3789,20,'So Miguel'),
  (3790,20,'So Miguel de Touros'),
  (3791,20,'So Paulo do Potengi'),
  (3792,20,'So Pedro'),
  (3793,20,'So Rafael'),
  (3794,20,'So Tom'),
  (3795,20,'So Vicente'),
  (3796,20,'Senador Eli de Souza'),
  (3797,20,'Senador Georgino Avelino'),
  (3798,20,'Serra de So Bento'),
  (3799,20,'Serra do Mel'),
  (3800,20,'Serra Negra do Norte'),
  (3801,20,'Serrinha'),
  (3802,20,'Serrinha dos Pintos'),
  (3803,20,'Severiano Melo'),
  (3804,20,'Stio Novo'),
  (3805,20,'Taboleiro Grande'),
  (3806,20,'Taipu'),
  (3807,20,'Tangar'),
  (3808,20,'Tenente Ananias'),
  (3809,20,'Tenente Laurentino Cruz'),
  (3810,20,'Tibau'),
  (3811,20,'Tibau do Sul'),
  (3812,20,'Timbaba dos Batistas'),
  (3813,20,'Touros'),
  (3814,20,'Triunfo Potiguar'),
  (3815,20,'Umarizal'),
  (3816,20,'Upanema'),
  (3817,20,'Vrzea'),
  (3818,20,'Venha-Ver'),
  (3819,20,'Vera Cruz'),
  (3820,20,'Viosa'),
  (3821,20,'Vila Flor'),
  (3822,21,'gua Santa'),
  (3823,21,'Agudo'),
  (3824,21,'Ajuricaba'),
  (3825,21,'Alecrim'),
  (3826,21,'Alegrete'),
  (3827,21,'Alegria'),
  (3828,21,'Alpestre'),
  (3829,21,'Alto Alegre'),
  (3830,21,'Alto Feliz'),
  (3831,21,'Alvorada'),
  (3832,21,'Amaral Ferrador'),
  (3833,21,'Ametista do Sul'),
  (3834,21,'Andr da Rocha'),
  (3835,21,'Anta Gorda'),
  (3836,21,'Antnio Prado'),
  (3837,21,'Arambar'),
  (3838,21,'Araric'),
  (3839,21,'Aratiba'),
  (3840,21,'Arroio do Meio'),
  (3841,21,'Arroio do Sal'),
  (3842,21,'Arroio do Tigre'),
  (3843,21,'Arroio dos Ratos'),
  (3844,21,'Arroio Grande'),
  (3845,21,'Arvorezinha'),
  (3846,21,'Augusto Pestana'),
  (3847,21,'urea'),
  (3848,21,'Bag'),
  (3849,21,'Balnerio Pinhal'),
  (3850,21,'Baro'),
  (3851,21,'Baro de Cotegipe'),
  (3852,21,'Baro do Triunfo'),
  (3853,21,'Barra do Guarita'),
  (3854,21,'Barra do Quara'),
  (3855,21,'Barra do Ribeiro'),
  (3856,21,'Barra do Rio Azul'),
  (3857,21,'Barra Funda'),
  (3858,21,'Barraco'),
  (3859,21,'Barros Cassal'),
  (3860,21,'Benjamin Constant do Sul'),
  (3861,21,'Bento Gonalves'),
  (3862,21,'Boa Vista das Misses'),
  (3863,21,'Boa Vista do Buric'),
  (3864,21,'Boa Vista do Sul'),
  (3865,21,'Bom Jesus'),
  (3866,21,'Bom Princpio'),
  (3867,21,'Bom Progresso'),
  (3868,21,'Bom Retiro do Sul'),
  (3869,21,'Boqueiro do Leo'),
  (3870,21,'Bossoroca'),
  (3871,21,'Braga'),
  (3872,21,'Brochier'),
  (3873,21,'Buti'),
  (3874,21,'Caapava do Sul'),
  (3875,21,'Cacequi'),
  (3876,21,'Cachoeira do Sul'),
  (3877,21,'Cachoeirinha'),
  (3878,21,'Cacique Doble'),
  (3879,21,'Caibat'),
  (3880,21,'Caiara'),
  (3881,21,'Camaqu'),
  (3882,21,'Camargo'),
  (3883,21,'Cambar do Sul'),
  (3884,21,'Campestre da Serra'),
  (3885,21,'Campina das Misses'),
  (3886,21,'Campinas do Sul'),
  (3887,21,'Campo Bom'),
  (3888,21,'Campo Novo'),
  (3889,21,'Campos Borges'),
  (3890,21,'Candelria'),
  (3891,21,'Cndido Godi'),
  (3892,21,'Candiota'),
  (3893,21,'Canela'),
  (3894,21,'Canguu'),
  (3895,21,'Canoas'),
  (3896,21,'Capo da Canoa'),
  (3897,21,'Capo do Leo'),
  (3898,21,'Capela de Santana'),
  (3899,21,'Capito'),
  (3900,21,'Capivari do Sul'),
  (3901,21,'Cara'),
  (3902,21,'Carazinho'),
  (3903,21,'Carlos Barbosa'),
  (3904,21,'Carlos Gomes'),
  (3905,21,'Casca'),
  (3906,21,'Caseiros'),
  (3907,21,'Catupe'),
  (3908,21,'Caxias do Sul'),
  (3909,21,'Centenrio'),
  (3910,21,'Cerrito'),
  (3911,21,'Cerro Branco'),
  (3912,21,'Cerro Grande'),
  (3913,21,'Cerro Grande do Sul'),
  (3914,21,'Cerro Largo'),
  (3915,21,'Chapada'),
  (3916,21,'Charqueadas'),
  (3917,21,'Charrua'),
  (3918,21,'Chiapeta'),
  (3919,21,'Chu'),
  (3920,21,'Chuvisca'),
  (3921,21,'Cidreira'),
  (3922,21,'Ciraco'),
  (3923,21,'Colinas'),
  (3924,21,'Colorado'),
  (3925,21,'Condor'),
  (3926,21,'Constantina'),
  (3927,21,'Coqueiros do Sul'),
  (3928,21,'Coronel Barros'),
  (3929,21,'Coronel Bicaco'),
  (3930,21,'Cotipor'),
  (3931,21,'Coxilha'),
  (3932,21,'Crissiumal'),
  (3933,21,'Cristal'),
  (3934,21,'Cristal do Sul'),
  (3935,21,'Cruz Alta'),
  (3936,21,'Cruzeiro do Sul'),
  (3937,21,'David Canabarro'),
  (3938,21,'Derrubadas'),
  (3939,21,'Dezesseis de Novembro'),
  (3940,21,'Dilermando de Aguiar'),
  (3941,21,'Dois Irmos'),
  (3942,21,'Dois Irmos das Misses'),
  (3943,21,'Dois Lajeados'),
  (3944,21,'Dom Feliciano'),
  (3945,21,'Dom Pedrito'),
  (3946,21,'Dom Pedro de Alcntara'),
  (3947,21,'Dona Francisca'),
  (3948,21,'Doutor Maurcio Cardoso'),
  (3949,21,'Doutor Ricardo'),
  (3950,21,'Eldorado do Sul'),
  (3951,21,'Encantado'),
  (3952,21,'Encruzilhada do Sul'),
  (3953,21,'Engenho Velho'),
  (3954,21,'Entre Rios do Sul'),
  (3955,21,'Entre-Ijus'),
  (3956,21,'Erebango'),
  (3957,21,'Erechim'),
  (3958,21,'Ernestina'),
  (3959,21,'Erval Grande'),
  (3960,21,'Erval Seco'),
  (3961,21,'Esmeralda'),
  (3962,21,'Esperana do Sul'),
  (3963,21,'Espumoso'),
  (3964,21,'Estao'),
  (3965,21,'Estncia Velha'),
  (3966,21,'Esteio'),
  (3967,21,'Estrela'),
  (3968,21,'Estrela Velha'),
  (3969,21,'Eugnio de Castro'),
  (3970,21,'Fagundes Varela'),
  (3971,21,'Farroupilha'),
  (3972,21,'Faxinal do Soturno'),
  (3973,21,'Faxinalzinho'),
  (3974,21,'Fazenda Vilanova'),
  (3975,21,'Feliz'),
  (3976,21,'Flores da Cunha'),
  (3977,21,'Floriano Peixoto'),
  (3978,21,'Fontoura Xavier'),
  (3979,21,'Formigueiro'),
  (3980,21,'Fortaleza dos Valos'),
  (3981,21,'Frederico Westphalen'),
  (3982,21,'Garibaldi'),
  (3983,21,'Garruchos'),
  (3984,21,'Gaurama'),
  (3985,21,'General Cmara'),
  (3986,21,'Gentil'),
  (3987,21,'Getlio Vargas'),
  (3988,21,'Giru'),
  (3989,21,'Glorinha'),
  (3990,21,'Gramado'),
  (3991,21,'Gramado dos Loureiros'),
  (3992,21,'Gramado Xavier'),
  (3993,21,'Gravata'),
  (3994,21,'Guabiju'),
  (3995,21,'Guaba'),
  (3996,21,'Guapor'),
  (3997,21,'Guarani das Misses'),
  (3998,21,'Harmonia'),
  (3999,21,'Herval'),
  (4000,21,'Herveiras');

COMMIT;

#
# Data for the `cidade` table  (LIMIT 3500,500)
#

INSERT INTO `cidade` (`cid_id`, `est_id`, `cid_nome`) VALUES 
  (4001,21,'Horizontina'),
  (4002,21,'Hulha Negra'),
  (4003,21,'Humait'),
  (4004,21,'Ibarama'),
  (4005,21,'Ibia'),
  (4006,21,'Ibiraiaras'),
  (4007,21,'Ibirapuit'),
  (4008,21,'Ibirub'),
  (4009,21,'Igrejinha'),
  (4010,21,'Iju'),
  (4011,21,'Ilpolis'),
  (4012,21,'Imb'),
  (4013,21,'Imigrante'),
  (4014,21,'Independncia'),
  (4015,21,'Inhacor'),
  (4016,21,'Ip'),
  (4017,21,'Ipiranga do Sul'),
  (4018,21,'Ira'),
  (4019,21,'Itaara'),
  (4020,21,'Itacurubi'),
  (4021,21,'Itapuca'),
  (4022,21,'Itaqui'),
  (4023,21,'Itatiba do Sul'),
  (4024,21,'Ivor'),
  (4025,21,'Ivoti'),
  (4026,21,'Jaboticaba'),
  (4027,21,'Jacutinga'),
  (4028,21,'Jaguaro'),
  (4029,21,'Jaguari'),
  (4030,21,'Jaquirana'),
  (4031,21,'Jari'),
  (4032,21,'Jia'),
  (4033,21,'Jlio de Castilhos'),
  (4034,21,'Lagoa dos Trs Cantos'),
  (4035,21,'Lagoa Vermelha'),
  (4036,21,'Lagoo'),
  (4037,21,'Lajeado'),
  (4038,21,'Lajeado do Bugre'),
  (4039,21,'Lavras do Sul'),
  (4040,21,'Liberato Salzano'),
  (4041,21,'Lindolfo Collor'),
  (4042,21,'Linha Nova'),
  (4043,21,'Maambara'),
  (4044,21,'Machadinho'),
  (4045,21,'Mampituba'),
  (4046,21,'Manoel Viana'),
  (4047,21,'Maquin'),
  (4048,21,'Marat'),
  (4049,21,'Marau'),
  (4050,21,'Marcelino Ramos'),
  (4051,21,'Mariana Pimentel'),
  (4052,21,'Mariano Moro'),
  (4053,21,'Marques de Souza'),
  (4054,21,'Mata'),
  (4055,21,'Mato Castelhano'),
  (4056,21,'Mato Leito'),
  (4057,21,'Maximiliano de Almeida'),
  (4058,21,'Minas do Leo'),
  (4059,21,'Miragua'),
  (4060,21,'Montauri'),
  (4061,21,'Monte Alegre dos Campos'),
  (4062,21,'Monte Belo do Sul'),
  (4063,21,'Montenegro'),
  (4064,21,'Mormao'),
  (4065,21,'Morrinhos do Sul'),
  (4066,21,'Morro Redondo'),
  (4067,21,'Morro Reuter'),
  (4068,21,'Mostardas'),
  (4069,21,'Muum'),
  (4070,21,'Muitos Capes'),
  (4071,21,'Muliterno'),
  (4072,21,'No-Me-Toque'),
  (4073,21,'Nicolau Vergueiro'),
  (4074,21,'Nonoai'),
  (4075,21,'Nova Alvorada'),
  (4076,21,'Nova Ara'),
  (4077,21,'Nova Bassano'),
  (4078,21,'Nova Boa Vista'),
  (4079,21,'Nova Brscia'),
  (4080,21,'Nova Candelria'),
  (4081,21,'Nova Esperana do Sul'),
  (4082,21,'Nova Hartz'),
  (4083,21,'Nova Pdua'),
  (4084,21,'Nova Palma'),
  (4085,21,'Nova Petrpolis'),
  (4086,21,'Nova Prata'),
  (4087,21,'Nova Ramada'),
  (4088,21,'Nova Roma do Sul'),
  (4089,21,'Nova Santa Rita'),
  (4090,21,'Novo Barreiro'),
  (4091,21,'Novo Cabrais'),
  (4092,21,'Novo Hamburgo'),
  (4093,21,'Novo Machado'),
  (4094,21,'Novo Tiradentes'),
  (4095,21,'Osrio'),
  (4096,21,'Paim Filho'),
  (4097,21,'Palmares do Sul'),
  (4098,21,'Palmeira das Misses'),
  (4099,21,'Palmitinho'),
  (4100,21,'Panambi'),
  (4101,21,'Pantano Grande'),
  (4102,21,'Para'),
  (4103,21,'Paraso do Sul'),
  (4104,21,'Pareci Novo'),
  (4105,21,'Parob'),
  (4106,21,'Passa Sete'),
  (4107,21,'Passo do Sobrado'),
  (4108,21,'Passo Fundo'),
  (4109,21,'Paverama'),
  (4110,21,'Pedro Osrio'),
  (4111,21,'Pejuara'),
  (4112,21,'Pelotas'),
  (4113,21,'Picada Caf'),
  (4114,21,'Pinhal'),
  (4115,21,'Pinhal Grande'),
  (4116,21,'Pinheirinho do Vale'),
  (4117,21,'Pinheiro Machado'),
  (4118,21,'Pirap'),
  (4119,21,'Piratini'),
  (4120,21,'Planalto'),
  (4121,21,'Poo das Antas'),
  (4122,21,'Ponto'),
  (4123,21,'Ponte Preta'),
  (4124,21,'Porto'),
  (4125,21,'Porto Alegre'),
  (4126,21,'Porto Lucena'),
  (4127,21,'Porto Mau'),
  (4128,21,'Porto Vera Cruz'),
  (4129,21,'Porto Xavier'),
  (4130,21,'Pouso Novo'),
  (4131,21,'Presidente Lucena'),
  (4132,21,'Progresso'),
  (4133,21,'Protsio Alves'),
  (4134,21,'Putinga'),
  (4135,21,'Quara'),
  (4136,21,'Quevedos'),
  (4137,21,'Quinze de Novembro'),
  (4138,21,'Redentora'),
  (4139,21,'Relvado'),
  (4140,21,'Restinga Seca'),
  (4141,21,'Rio dos ndios'),
  (4142,21,'Rio Grande'),
  (4143,21,'Rio Pardo'),
  (4144,21,'Riozinho'),
  (4145,21,'Roca Sales'),
  (4146,21,'Rodeio Bonito'),
  (4147,21,'Rolante'),
  (4148,21,'Ronda Alta'),
  (4149,21,'Rondinha'),
  (4150,21,'Roque Gonzales'),
  (4151,21,'Rosrio do Sul'),
  (4152,21,'Sagrada Famlia'),
  (4153,21,'Saldanha Marinho'),
  (4154,21,'Salto do Jacu'),
  (4155,21,'Salvador das Misses'),
  (4156,21,'Salvador do Sul'),
  (4157,21,'Sananduva'),
  (4158,21,'Santa Brbara do Sul'),
  (4159,21,'Santa Clara do Sul'),
  (4160,21,'Santa Cruz do Sul'),
  (4161,21,'Santa Maria'),
  (4162,21,'Santa Maria do Herval'),
  (4163,21,'Santa Rosa'),
  (4164,21,'Santa Tereza'),
  (4165,21,'Santa Vitria do Palmar'),
  (4166,21,'Santana da Boa Vista'),
  (4167,21,'Santana do Livramento'),
  (4168,21,'Santiago'),
  (4169,21,'Santo ngelo'),
  (4170,21,'Santo Antnio da Patrulha'),
  (4171,21,'Santo Antnio das Misses'),
  (4172,21,'Santo Antnio do Palma'),
  (4173,21,'Santo Antnio do Planalto'),
  (4174,21,'Santo Augusto'),
  (4175,21,'Santo Cristo'),
  (4176,21,'Santo Expedito do Sul'),
  (4177,21,'So Borja'),
  (4178,21,'So Domingos do Sul'),
  (4179,21,'So Francisco de Assis'),
  (4180,21,'So Francisco de Paula'),
  (4181,21,'So Gabriel'),
  (4182,21,'So Jernimo'),
  (4183,21,'So Joo da Urtiga'),
  (4184,21,'So Joo do Polsine'),
  (4185,21,'So Jorge'),
  (4186,21,'So Jos das Misses'),
  (4187,21,'So Jos do Herval'),
  (4188,21,'So Jos do Hortncio'),
  (4189,21,'So Jos do Inhacor'),
  (4190,21,'So Jos do Norte'),
  (4191,21,'So Jos do Ouro'),
  (4192,21,'So Jos dos Ausentes'),
  (4193,21,'So Leopoldo'),
  (4194,21,'So Loureno do Sul'),
  (4195,21,'So Luiz Gonzaga'),
  (4196,21,'So Marcos'),
  (4197,21,'So Martinho'),
  (4198,21,'So Martinho da Serra'),
  (4199,21,'So Miguel das Misses'),
  (4200,21,'So Nicolau'),
  (4201,21,'So Paulo das Misses'),
  (4202,21,'So Pedro da Serra'),
  (4203,21,'So Pedro do Buti'),
  (4204,21,'So Pedro do Sul'),
  (4205,21,'So Sebastio do Ca'),
  (4206,21,'So Sep'),
  (4207,21,'So Valentim'),
  (4208,21,'So Valentim do Sul'),
  (4209,21,'So Valrio do Sul'),
  (4210,21,'So Vendelino'),
  (4211,21,'So Vicente do Sul'),
  (4212,21,'Sapiranga'),
  (4213,21,'Sapucaia do Sul'),
  (4214,21,'Sarandi'),
  (4215,21,'Seberi'),
  (4216,21,'Sede Nova'),
  (4217,21,'Segredo'),
  (4218,21,'Selbach'),
  (4219,21,'Senador Salgado Filho'),
  (4220,21,'Sentinela do Sul'),
  (4221,21,'Serafina Corra'),
  (4222,21,'Srio'),
  (4223,21,'Serto'),
  (4224,21,'Serto Santana'),
  (4225,21,'Sete de Setembro'),
  (4226,21,'Severiano de Almeida'),
  (4227,21,'Silveira Martins'),
  (4228,21,'Sinimbu'),
  (4229,21,'Sobradinho'),
  (4230,21,'Soledade'),
  (4231,21,'Taba'),
  (4232,21,'Tapejara'),
  (4233,21,'Tapera'),
  (4234,21,'Tapes'),
  (4235,21,'Taquara'),
  (4236,21,'Taquari'),
  (4237,21,'Taquaruu do Sul'),
  (4238,21,'Tavares'),
  (4239,21,'Tenente Portela'),
  (4240,21,'Terra de Areia'),
  (4241,21,'Teutnia'),
  (4242,21,'Tiradentes do Sul'),
  (4243,21,'Toropi'),
  (4244,21,'Torres'),
  (4245,21,'Tramanda'),
  (4246,21,'Travesseiro'),
  (4247,21,'Trs Arroios'),
  (4248,21,'Trs Cachoeiras'),
  (4249,21,'Trs Coroas'),
  (4250,21,'Trs de Maio'),
  (4251,21,'Trs Forquilhas'),
  (4252,21,'Trs Palmeiras'),
  (4253,21,'Trs Passos'),
  (4254,21,'Trindade do Sul'),
  (4255,21,'Triunfo'),
  (4256,21,'Tucunduva'),
  (4257,21,'Tunas'),
  (4258,21,'Tupanci do Sul'),
  (4259,21,'Tupanciret'),
  (4260,21,'Tupandi'),
  (4261,21,'Tuparendi'),
  (4262,21,'Turuu'),
  (4263,21,'Ubiretama'),
  (4264,21,'Unio da Serra'),
  (4265,21,'Unistalda'),
  (4266,21,'Uruguaiana'),
  (4267,21,'Vacaria'),
  (4268,21,'Vale do Sol'),
  (4269,21,'Vale Real'),
  (4270,21,'Vale Verde'),
  (4271,21,'Vanini'),
  (4272,21,'Venncio Aires'),
  (4273,21,'Vera Cruz'),
  (4274,21,'Veranpolis'),
  (4275,21,'Vespasiano Correa'),
  (4276,21,'Viadutos'),
  (4277,21,'Viamo'),
  (4278,21,'Vicente Dutra'),
  (4279,21,'Victor Graeff'),
  (4280,21,'Vila Flores'),
  (4281,21,'Vila Lngaro'),
  (4282,21,'Vila Maria'),
  (4283,21,'Vila Nova do Sul'),
  (4284,21,'Vista Alegre'),
  (4285,21,'Vista Alegre do Prata'),
  (4286,21,'Vista Gacha'),
  (4287,21,'Vitria das Misses'),
  (4288,21,'Xangri-l'),
  (4289,22,'Alta Floresta d`Oeste'),
  (4290,22,'Alto Alegre dos Parecis'),
  (4291,22,'Alto Paraso'),
  (4292,22,'Alvorada d`Oeste'),
  (4293,22,'Ariquemes'),
  (4294,22,'Buritis'),
  (4295,22,'Cabixi'),
  (4296,22,'Cacaulndia'),
  (4297,22,'Cacoal'),
  (4298,22,'Campo Novo de Rondnia'),
  (4299,22,'Candeias do Jamari'),
  (4300,22,'Castanheiras'),
  (4301,22,'Cerejeiras'),
  (4302,22,'Chupinguaia'),
  (4303,22,'Colorado do Oeste'),
  (4304,22,'Corumbiara'),
  (4305,22,'Costa Marques'),
  (4306,22,'Cujubim'),
  (4307,22,'Espigo d`Oeste'),
  (4308,22,'Governador Jorge Teixeira'),
  (4309,22,'Guajar-Mirim'),
  (4310,22,'Itapu do Oeste'),
  (4311,22,'Jaru'),
  (4312,22,'Ji-Paran'),
  (4313,22,'Machadinho d`Oeste'),
  (4314,22,'Ministro Andreazza'),
  (4315,22,'Mirante da Serra'),
  (4316,22,'Monte Negro'),
  (4317,22,'Nova Brasilndia d`Oeste'),
  (4318,22,'Nova Mamor'),
  (4319,22,'Nova Unio'),
  (4320,22,'Novo Horizonte do Oeste'),
  (4321,22,'Ouro Preto do Oeste'),
  (4322,22,'Parecis'),
  (4323,22,'Pimenta Bueno'),
  (4324,22,'Pimenteiras do Oeste'),
  (4325,22,'Porto Velho'),
  (4326,22,'Presidente Mdici'),
  (4327,22,'Primavera de Rondnia'),
  (4328,22,'Rio Crespo'),
  (4329,22,'Rolim de Moura'),
  (4330,22,'Santa Luzia d`Oeste'),
  (4331,22,'So Felipe d`Oeste'),
  (4332,22,'So Francisco do Guapor'),
  (4333,22,'So Miguel do Guapor'),
  (4334,22,'Seringueiras'),
  (4335,22,'Teixeirpolis'),
  (4336,22,'Theobroma'),
  (4337,22,'Urup'),
  (4338,22,'Vale do Anari'),
  (4339,22,'Vale do Paraso'),
  (4340,22,'Vilhena'),
  (4341,23,'Alto Alegre'),
  (4342,23,'Amajari'),
  (4343,23,'Boa Vista'),
  (4344,23,'Bonfim'),
  (4345,23,'Cant'),
  (4346,23,'Caracara'),
  (4347,23,'Caroebe'),
  (4348,23,'Iracema'),
  (4349,23,'Mucaja'),
  (4350,23,'Normandia'),
  (4351,23,'Pacaraima'),
  (4352,23,'Rorainpolis'),
  (4353,23,'So Joo da Baliza'),
  (4354,23,'So Luiz'),
  (4355,23,'Uiramut'),
  (4356,24,'Abdon Batista'),
  (4357,24,'Abelardo Luz'),
  (4358,24,'Agrolndia'),
  (4359,24,'Agronmica'),
  (4360,24,'gua Doce'),
  (4361,24,'guas de Chapec'),
  (4362,24,'guas Frias'),
  (4363,24,'guas Mornas'),
  (4364,24,'Alfredo Wagner'),
  (4365,24,'Alto Bela Vista'),
  (4366,24,'Anchieta'),
  (4367,24,'Angelina'),
  (4368,24,'Anita Garibaldi'),
  (4369,24,'Anitpolis'),
  (4370,24,'Antnio Carlos'),
  (4371,24,'Apina'),
  (4372,24,'Arabut'),
  (4373,24,'Araquari'),
  (4374,24,'Ararangu'),
  (4375,24,'Armazm'),
  (4376,24,'Arroio Trinta'),
  (4377,24,'Arvoredo'),
  (4378,24,'Ascurra'),
  (4379,24,'Atalanta'),
  (4380,24,'Aurora'),
  (4381,24,'Balnerio Arroio do Silva'),
  (4382,24,'Balnerio Barra do Sul'),
  (4383,24,'Balnerio Cambori'),
  (4384,24,'Balnerio Gaivota'),
  (4385,24,'Bandeirante'),
  (4386,24,'Barra Bonita'),
  (4387,24,'Barra Velha'),
  (4388,24,'Bela Vista do Toldo'),
  (4389,24,'Belmonte'),
  (4390,24,'Benedito Novo'),
  (4391,24,'Biguau'),
  (4392,24,'Blumenau'),
  (4393,24,'Bocaina do Sul'),
  (4394,24,'Bom Jardim da Serra'),
  (4395,24,'Bom Jesus'),
  (4396,24,'Bom Jesus do Oeste'),
  (4397,24,'Bom Retiro'),
  (4398,24,'Bombinhas'),
  (4399,24,'Botuver'),
  (4400,24,'Brao do Norte'),
  (4401,24,'Brao do Trombudo'),
  (4402,24,'Brunpolis'),
  (4403,24,'Brusque'),
  (4404,24,'Caador'),
  (4405,24,'Caibi'),
  (4406,24,'Calmon'),
  (4407,24,'Cambori'),
  (4408,24,'Campo Alegre'),
  (4409,24,'Campo Belo do Sul'),
  (4410,24,'Campo Er'),
  (4411,24,'Campos Novos'),
  (4412,24,'Canelinha'),
  (4413,24,'Canoinhas'),
  (4414,24,'Capo Alto'),
  (4415,24,'Capinzal'),
  (4416,24,'Capivari de Baixo'),
  (4417,24,'Catanduvas'),
  (4418,24,'Caxambu do Sul'),
  (4419,24,'Celso Ramos'),
  (4420,24,'Cerro Negro'),
  (4421,24,'Chapado do Lageado'),
  (4422,24,'Chapec'),
  (4423,24,'Cocal do Sul'),
  (4424,24,'Concrdia'),
  (4425,24,'Cordilheira Alta'),
  (4426,24,'Coronel Freitas'),
  (4427,24,'Coronel Martins'),
  (4428,24,'Correia Pinto'),
  (4429,24,'Corup'),
  (4430,24,'Cricima'),
  (4431,24,'Cunha Por'),
  (4432,24,'Cunhata'),
  (4433,24,'Curitibanos'),
  (4434,24,'Descanso'),
  (4435,24,'Dionsio Cerqueira'),
  (4436,24,'Dona Emma'),
  (4437,24,'Doutor Pedrinho'),
  (4438,24,'Entre Rios'),
  (4439,24,'Ermo'),
  (4440,24,'Erval Velho'),
  (4441,24,'Faxinal dos Guedes'),
  (4442,24,'Flor do Serto'),
  (4443,24,'Florianpolis'),
  (4444,24,'Formosa do Sul'),
  (4445,24,'Forquilhinha'),
  (4446,24,'Fraiburgo'),
  (4447,24,'Frei Rogrio'),
  (4448,24,'Galvo'),
  (4449,24,'Garopaba'),
  (4450,24,'Garuva'),
  (4451,24,'Gaspar'),
  (4452,24,'Governador Celso Ramos'),
  (4453,24,'Gro Par'),
  (4454,24,'Gravatal'),
  (4455,24,'Guabiruba'),
  (4456,24,'Guaraciaba'),
  (4457,24,'Guaramirim'),
  (4458,24,'Guaruj do Sul'),
  (4459,24,'Guatamb'),
  (4460,24,'Herval d`Oeste'),
  (4461,24,'Ibiam'),
  (4462,24,'Ibicar'),
  (4463,24,'Ibirama'),
  (4464,24,'Iara'),
  (4465,24,'Ilhota'),
  (4466,24,'Imaru'),
  (4467,24,'Imbituba'),
  (4468,24,'Imbuia'),
  (4469,24,'Indaial'),
  (4470,24,'Iomer'),
  (4471,24,'Ipira'),
  (4472,24,'Ipor do Oeste'),
  (4473,24,'Ipuau'),
  (4474,24,'Ipumirim'),
  (4475,24,'Iraceminha'),
  (4476,24,'Irani'),
  (4477,24,'Irati'),
  (4478,24,'Irinepolis'),
  (4479,24,'It'),
  (4480,24,'Itaipolis'),
  (4481,24,'Itaja'),
  (4482,24,'Itapema'),
  (4483,24,'Itapiranga'),
  (4484,24,'Itapo'),
  (4485,24,'Ituporanga'),
  (4486,24,'Jabor'),
  (4487,24,'Jacinto Machado'),
  (4488,24,'Jaguaruna'),
  (4489,24,'Jaragu do Sul'),
  (4490,24,'Jardinpolis'),
  (4491,24,'Joaaba'),
  (4492,24,'Joinville'),
  (4493,24,'Jos Boiteux'),
  (4494,24,'Jupi'),
  (4495,24,'Lacerdpolis'),
  (4496,24,'Lages'),
  (4497,24,'Laguna'),
  (4498,24,'Lajeado Grande'),
  (4499,24,'Laurentino'),
  (4500,24,'Lauro Muller');

COMMIT;

#
# Data for the `cidade` table  (LIMIT 4000,500)
#

INSERT INTO `cidade` (`cid_id`, `est_id`, `cid_nome`) VALUES 
  (4501,24,'Lebon Rgis'),
  (4502,24,'Leoberto Leal'),
  (4503,24,'Lindia do Sul'),
  (4504,24,'Lontras'),
  (4505,24,'Luiz Alves'),
  (4506,24,'Luzerna'),
  (4507,24,'Macieira'),
  (4508,24,'Mafra'),
  (4509,24,'Major Gercino'),
  (4510,24,'Major Vieira'),
  (4511,24,'Maracaj'),
  (4512,24,'Maravilha'),
  (4513,24,'Marema'),
  (4514,24,'Massaranduba'),
  (4515,24,'Matos Costa'),
  (4516,24,'Meleiro'),
  (4517,24,'Mirim Doce'),
  (4518,24,'Modelo'),
  (4519,24,'Monda'),
  (4520,24,'Monte Carlo'),
  (4521,24,'Monte Castelo'),
  (4522,24,'Morro da Fumaa'),
  (4523,24,'Morro Grande'),
  (4524,24,'Navegantes'),
  (4525,24,'Nova Erechim'),
  (4526,24,'Nova Itaberaba'),
  (4527,24,'Nova Trento'),
  (4528,24,'Nova Veneza'),
  (4529,24,'Novo Horizonte'),
  (4530,24,'Orleans'),
  (4531,24,'Otaclio Costa'),
  (4532,24,'Ouro'),
  (4533,24,'Ouro Verde'),
  (4534,24,'Paial'),
  (4535,24,'Painel'),
  (4536,24,'Palhoa'),
  (4537,24,'Palma Sola'),
  (4538,24,'Palmeira'),
  (4539,24,'Palmitos'),
  (4540,24,'Papanduva'),
  (4541,24,'Paraso'),
  (4542,24,'Passo de Torres'),
  (4543,24,'Passos Maia'),
  (4544,24,'Paulo Lopes'),
  (4545,24,'Pedras Grandes'),
  (4546,24,'Penha'),
  (4547,24,'Peritiba'),
  (4548,24,'Petrolndia'),
  (4549,24,'Piarras'),
  (4550,24,'Pinhalzinho'),
  (4551,24,'Pinheiro Preto'),
  (4552,24,'Piratuba'),
  (4553,24,'Planalto Alegre'),
  (4554,24,'Pomerode'),
  (4555,24,'Ponte Alta'),
  (4556,24,'Ponte Alta do Norte'),
  (4557,24,'Ponte Serrada'),
  (4558,24,'Porto Belo'),
  (4559,24,'Porto Unio'),
  (4560,24,'Pouso Redondo'),
  (4561,24,'Praia Grande'),
  (4562,24,'Presidente Castelo Branco'),
  (4563,24,'Presidente Getlio'),
  (4564,24,'Presidente Nereu'),
  (4565,24,'Princesa'),
  (4566,24,'Quilombo'),
  (4567,24,'Rancho Queimado'),
  (4568,24,'Rio das Antas'),
  (4569,24,'Rio do Campo'),
  (4570,24,'Rio do Oeste'),
  (4571,24,'Rio do Sul'),
  (4572,24,'Rio dos Cedros'),
  (4573,24,'Rio Fortuna'),
  (4574,24,'Rio Negrinho'),
  (4575,24,'Rio Rufino'),
  (4576,24,'Riqueza'),
  (4577,24,'Rodeio'),
  (4578,24,'Romelndia'),
  (4579,24,'Salete'),
  (4580,24,'Saltinho'),
  (4581,24,'Salto Veloso'),
  (4582,24,'Sango'),
  (4583,24,'Santa Ceclia'),
  (4584,24,'Santa Helena'),
  (4585,24,'Santa Rosa de Lima'),
  (4586,24,'Santa Rosa do Sul'),
  (4587,24,'Santa Terezinha'),
  (4588,24,'Santa Terezinha do Progresso'),
  (4589,24,'Santiago do Sul'),
  (4590,24,'Santo Amaro da Imperatriz'),
  (4591,24,'So Bento do Sul'),
  (4592,24,'So Bernardino'),
  (4593,24,'So Bonifcio'),
  (4594,24,'So Carlos'),
  (4595,24,'So Cristovo do Sul'),
  (4596,24,'So Domingos'),
  (4597,24,'So Francisco do Sul'),
  (4598,24,'So Joo Batista'),
  (4599,24,'So Joo do Itaperi'),
  (4600,24,'So Joo do Oeste'),
  (4601,24,'So Joo do Sul'),
  (4602,24,'So Joaquim'),
  (4603,24,'So Jos'),
  (4604,24,'So Jos do Cedro'),
  (4605,24,'So Jos do Cerrito'),
  (4606,24,'So Loureno do Oeste'),
  (4607,24,'So Ludgero'),
  (4608,24,'So Martinho'),
  (4609,24,'So Miguel da Boa Vista'),
  (4610,24,'So Miguel do Oeste'),
  (4611,24,'So Pedro de Alcntara'),
  (4612,24,'Saudades'),
  (4613,24,'Schroeder'),
  (4614,24,'Seara'),
  (4615,24,'Serra Alta'),
  (4616,24,'Siderpolis'),
  (4617,24,'Sombrio'),
  (4618,24,'Sul Brasil'),
  (4619,24,'Tai'),
  (4620,24,'Tangar'),
  (4621,24,'Tigrinhos'),
  (4622,24,'Tijucas'),
  (4623,24,'Timb do Sul'),
  (4624,24,'Timb'),
  (4625,24,'Timb Grande'),
  (4626,24,'Trs Barras'),
  (4627,24,'Treviso'),
  (4628,24,'Treze de Maio'),
  (4629,24,'Treze Tlias'),
  (4630,24,'Trombudo Central'),
  (4631,24,'Tubaro'),
  (4632,24,'Tunpolis'),
  (4633,24,'Turvo'),
  (4634,24,'Unio do Oeste'),
  (4635,24,'Urubici'),
  (4636,24,'Urupema'),
  (4637,24,'Urussanga'),
  (4638,24,'Vargeo'),
  (4639,24,'Vargem'),
  (4640,24,'Vargem Bonita'),
  (4641,24,'Vidal Ramos'),
  (4642,24,'Videira'),
  (4643,24,'Vitor Meireles'),
  (4644,24,'Witmarsum'),
  (4645,24,'Xanxer'),
  (4646,24,'Xavantina'),
  (4647,24,'Xaxim'),
  (4648,24,'Zorta'),
  (4649,25,'Adamantina'),
  (4650,25,'Adolfo'),
  (4651,25,'Agua'),
  (4652,25,'guas da Prata'),
  (4653,25,'guas de Lindia'),
  (4654,25,'guas de Santa Brbara'),
  (4655,25,'guas de So Pedro'),
  (4656,25,'Agudos'),
  (4657,25,'Alambari'),
  (4658,25,'Alfredo Marcondes'),
  (4659,25,'Altair'),
  (4660,25,'Altinpolis'),
  (4661,25,'Alto Alegre'),
  (4662,25,'Alumnio'),
  (4663,25,'lvares Florence'),
  (4664,25,'lvares Machado'),
  (4665,25,'lvaro de Carvalho'),
  (4666,25,'Alvinlndia'),
  (4667,25,'Americana'),
  (4668,25,'Amrico Brasiliense'),
  (4669,25,'Amrico de Campos'),
  (4670,25,'Amparo'),
  (4671,25,'Analndia'),
  (4672,25,'Andradina'),
  (4673,25,'Angatuba'),
  (4674,25,'Anhembi'),
  (4675,25,'Anhumas'),
  (4676,25,'Aparecida'),
  (4677,25,'Aparecida d`Oeste'),
  (4678,25,'Apia'),
  (4679,25,'Araariguama'),
  (4680,25,'Araatuba'),
  (4681,25,'Araoiaba da Serra'),
  (4682,25,'Aramina'),
  (4683,25,'Arandu'),
  (4684,25,'Arape'),
  (4685,25,'Araraquara'),
  (4686,25,'Araras'),
  (4687,25,'Arco-ris'),
  (4688,25,'Arealva'),
  (4689,25,'Areias'),
  (4690,25,'Areipolis'),
  (4691,25,'Ariranha'),
  (4692,25,'Artur Nogueira'),
  (4693,25,'Aruj'),
  (4694,25,'Aspsia'),
  (4695,25,'Assis'),
  (4696,25,'Atibaia'),
  (4697,25,'Auriflama'),
  (4698,25,'Ava'),
  (4699,25,'Avanhandava'),
  (4700,25,'Avar'),
  (4701,25,'Bady Bassitt'),
  (4702,25,'Balbinos'),
  (4703,25,'Blsamo'),
  (4704,25,'Bananal'),
  (4705,25,'Baro de Antonina'),
  (4706,25,'Barbosa'),
  (4707,25,'Bariri'),
  (4708,25,'Barra Bonita'),
  (4709,25,'Barra do Chapu'),
  (4710,25,'Barra do Turvo'),
  (4711,25,'Barretos'),
  (4712,25,'Barrinha'),
  (4713,25,'Barueri'),
  (4714,25,'Bastos'),
  (4715,25,'Batatais'),
  (4716,25,'Bauru'),
  (4717,25,'Bebedouro'),
  (4718,25,'Bento de Abreu'),
  (4719,25,'Bernardino de Campos'),
  (4720,25,'Bertioga'),
  (4721,25,'Bilac'),
  (4722,25,'Birigui'),
  (4723,25,'Biritiba-Mirim'),
  (4724,25,'Boa Esperana do Sul'),
  (4725,25,'Bocaina'),
  (4726,25,'Bofete'),
  (4727,25,'Boituva'),
  (4728,25,'Bom Jesus dos Perdes'),
  (4729,25,'Bom Sucesso de Itarar'),
  (4730,25,'Bor'),
  (4731,25,'Boracia'),
  (4732,25,'Borborema'),
  (4733,25,'Borebi'),
  (4734,25,'Botucatu'),
  (4735,25,'Bragana Paulista'),
  (4736,25,'Brana'),
  (4737,25,'Brejo Alegre'),
  (4738,25,'Brodowski'),
  (4739,25,'Brotas'),
  (4740,25,'Buri'),
  (4741,25,'Buritama'),
  (4742,25,'Buritizal'),
  (4743,25,'Cabrlia Paulista'),
  (4744,25,'Cabreva'),
  (4745,25,'Caapava'),
  (4746,25,'Cachoeira Paulista'),
  (4747,25,'Caconde'),
  (4748,25,'Cafelndia'),
  (4749,25,'Caiabu'),
  (4750,25,'Caieiras'),
  (4751,25,'Caiu'),
  (4752,25,'Cajamar'),
  (4753,25,'Cajati'),
  (4754,25,'Cajobi'),
  (4755,25,'Cajuru'),
  (4756,25,'Campina do Monte Alegre'),
  (4757,25,'Campinas'),
  (4758,25,'Campo Limpo Paulista'),
  (4759,25,'Campos do Jordo'),
  (4760,25,'Campos Novos Paulista'),
  (4761,25,'Canania'),
  (4762,25,'Canas'),
  (4763,25,'Cndido Mota'),
  (4764,25,'Cndido Rodrigues'),
  (4765,25,'Canitar'),
  (4766,25,'Capo Bonito'),
  (4767,25,'Capela do Alto'),
  (4768,25,'Capivari'),
  (4769,25,'Caraguatatuba'),
  (4770,25,'Carapicuba'),
  (4771,25,'Cardoso'),
  (4772,25,'Casa Branca'),
  (4773,25,'Cssia dos Coqueiros'),
  (4774,25,'Castilho'),
  (4775,25,'Catanduva'),
  (4776,25,'Catigu'),
  (4777,25,'Cedral'),
  (4778,25,'Cerqueira Csar'),
  (4779,25,'Cerquilho'),
  (4780,25,'Cesrio Lange'),
  (4781,25,'Charqueada'),
  (4782,25,'Chavantes'),
  (4783,25,'Clementina'),
  (4784,25,'Colina'),
  (4785,25,'Colmbia'),
  (4786,25,'Conchal'),
  (4787,25,'Conchas'),
  (4788,25,'Cordeirpolis'),
  (4789,25,'Coroados'),
  (4790,25,'Coronel Macedo'),
  (4791,25,'Corumbata'),
  (4792,25,'Cosmpolis'),
  (4793,25,'Cosmorama'),
  (4794,25,'Cotia'),
  (4795,25,'Cravinhos'),
  (4796,25,'Cristais Paulista'),
  (4797,25,'Cruzlia'),
  (4798,25,'Cruzeiro'),
  (4799,25,'Cubato'),
  (4800,25,'Cunha'),
  (4801,25,'Descalvado'),
  (4802,25,'Diadema'),
  (4803,25,'Dirce Reis'),
  (4804,25,'Divinolndia'),
  (4805,25,'Dobrada'),
  (4806,25,'Dois Crregos'),
  (4807,25,'Dolcinpolis'),
  (4808,25,'Dourado'),
  (4809,25,'Dracena'),
  (4810,25,'Duartina'),
  (4811,25,'Dumont'),
  (4812,25,'Echapor'),
  (4813,25,'Eldorado'),
  (4814,25,'Elias Fausto'),
  (4815,25,'Elisirio'),
  (4816,25,'Embaba'),
  (4817,25,'Embu'),
  (4818,25,'Embu-Guau'),
  (4819,25,'Emilianpolis'),
  (4820,25,'Engenheiro Coelho'),
  (4821,25,'Esprito Santo do Pinhal'),
  (4822,25,'Esprito Santo do Turvo'),
  (4823,25,'Estiva Gerbi'),
  (4824,25,'Estrela d`Oeste'),
  (4825,25,'Estrela do Norte'),
  (4826,25,'Euclides da Cunha Paulista'),
  (4827,25,'Fartura'),
  (4828,25,'Fernando Prestes'),
  (4829,25,'Fernandpolis'),
  (4830,25,'Ferno'),
  (4831,25,'Ferraz de Vasconcelos'),
  (4832,25,'Flora Rica'),
  (4833,25,'Floreal'),
  (4834,25,'Flornia'),
  (4835,25,'Flrida Paulista'),
  (4836,25,'Franca'),
  (4837,25,'Francisco Morato'),
  (4838,25,'Franco da Rocha'),
  (4839,25,'Gabriel Monteiro'),
  (4840,25,'Glia'),
  (4841,25,'Gara'),
  (4842,25,'Gasto Vidigal'),
  (4843,25,'Gavio Peixoto'),
  (4844,25,'General Salgado'),
  (4845,25,'Getulina'),
  (4846,25,'Glicrio'),
  (4847,25,'Guaiara'),
  (4848,25,'Guaimb'),
  (4849,25,'Guara'),
  (4850,25,'Guapiau'),
  (4851,25,'Guapiara'),
  (4852,25,'Guar'),
  (4853,25,'Guaraa'),
  (4854,25,'Guaraci'),
  (4855,25,'Guarani d`Oeste'),
  (4856,25,'Guarant'),
  (4857,25,'Guararapes'),
  (4858,25,'Guararema'),
  (4859,25,'Guaratinguet'),
  (4860,25,'Guare'),
  (4861,25,'Guariba'),
  (4862,25,'Guaruj'),
  (4863,25,'Guarulhos'),
  (4864,25,'Guatapar'),
  (4865,25,'Guzolndia'),
  (4866,25,'Herculndia'),
  (4867,25,'Holambra'),
  (4868,25,'Hortolndia'),
  (4869,25,'Iacanga'),
  (4870,25,'Iacri'),
  (4871,25,'Iaras'),
  (4872,25,'Ibat'),
  (4873,25,'Ibir'),
  (4874,25,'Ibirarema'),
  (4875,25,'Ibitinga'),
  (4876,25,'Ibina'),
  (4877,25,'Icm'),
  (4878,25,'Iep'),
  (4879,25,'Igarau do Tiet'),
  (4880,25,'Igarapava'),
  (4881,25,'Igarat'),
  (4882,25,'Iguape'),
  (4883,25,'Ilha Comprida'),
  (4884,25,'Ilha Solteira'),
  (4885,25,'Ilhabela'),
  (4886,25,'Indaiatuba'),
  (4887,25,'Indiana'),
  (4888,25,'Indiapor'),
  (4889,25,'Inbia Paulista'),
  (4890,25,'Ipauu'),
  (4891,25,'Iper'),
  (4892,25,'Ipena'),
  (4893,25,'Ipigu'),
  (4894,25,'Iporanga'),
  (4895,25,'Ipu'),
  (4896,25,'Iracempolis'),
  (4897,25,'Irapu'),
  (4898,25,'Irapuru'),
  (4899,25,'Itaber'),
  (4900,25,'Ita'),
  (4901,25,'Itajobi'),
  (4902,25,'Itaju'),
  (4903,25,'Itanham'),
  (4904,25,'Itaca'),
  (4905,25,'Itapecerica da Serra'),
  (4906,25,'Itapetininga'),
  (4907,25,'Itapeva'),
  (4908,25,'Itapevi'),
  (4909,25,'Itapira'),
  (4910,25,'Itapirapu Paulista'),
  (4911,25,'Itpolis'),
  (4912,25,'Itaporanga'),
  (4913,25,'Itapu'),
  (4914,25,'Itapura'),
  (4915,25,'Itaquaquecetuba'),
  (4916,25,'Itarar'),
  (4917,25,'Itariri'),
  (4918,25,'Itatiba'),
  (4919,25,'Itatinga'),
  (4920,25,'Itirapina'),
  (4921,25,'Itirapu'),
  (4922,25,'Itobi'),
  (4923,25,'Itu'),
  (4924,25,'Itupeva'),
  (4925,25,'Ituverava'),
  (4926,25,'Jaborandi'),
  (4927,25,'Jaboticabal'),
  (4928,25,'Jacare'),
  (4929,25,'Jaci'),
  (4930,25,'Jacupiranga'),
  (4931,25,'Jaguarina'),
  (4932,25,'Jales'),
  (4933,25,'Jambeiro'),
  (4934,25,'Jandira'),
  (4935,25,'Jardinpolis'),
  (4936,25,'Jarinu'),
  (4937,25,'Ja'),
  (4938,25,'Jeriquara'),
  (4939,25,'Joanpolis'),
  (4940,25,'Joo Ramalho'),
  (4941,25,'Jos Bonifcio'),
  (4942,25,'Jlio Mesquita'),
  (4943,25,'Jumirim'),
  (4944,25,'Jundia'),
  (4945,25,'Junqueirpolis'),
  (4946,25,'Juqui'),
  (4947,25,'Juquitiba'),
  (4948,25,'Lagoinha'),
  (4949,25,'Laranjal Paulista'),
  (4950,25,'Lavnia'),
  (4951,25,'Lavrinhas'),
  (4952,25,'Leme'),
  (4953,25,'Lenis Paulista'),
  (4954,25,'Limeira'),
  (4955,25,'Lindia'),
  (4956,25,'Lins'),
  (4957,25,'Lorena'),
  (4958,25,'Lourdes'),
  (4959,25,'Louveira'),
  (4960,25,'Luclia'),
  (4961,25,'Lucianpolis'),
  (4962,25,'Lus Antnio'),
  (4963,25,'Luizinia'),
  (4964,25,'Luprcio'),
  (4965,25,'Lutcia'),
  (4966,25,'Macatuba'),
  (4967,25,'Macaubal'),
  (4968,25,'Macednia'),
  (4969,25,'Magda'),
  (4970,25,'Mairinque'),
  (4971,25,'Mairipor'),
  (4972,25,'Manduri'),
  (4973,25,'Marab Paulista'),
  (4974,25,'Maraca'),
  (4975,25,'Marapoama'),
  (4976,25,'Maripolis'),
  (4977,25,'Marlia'),
  (4978,25,'Marinpolis'),
  (4979,25,'Martinpolis'),
  (4980,25,'Mato'),
  (4981,25,'Mau'),
  (4982,25,'Mendona'),
  (4983,25,'Meridiano'),
  (4984,25,'Mespolis'),
  (4985,25,'Miguelpolis'),
  (4986,25,'Mineiros do Tiet'),
  (4987,25,'Mira Estrela'),
  (4988,25,'Miracatu'),
  (4989,25,'Mirandpolis'),
  (4990,25,'Mirante do Paranapanema'),
  (4991,25,'Mirassol'),
  (4992,25,'Mirassolndia'),
  (4993,25,'Mococa'),
  (4994,25,'Mogi das Cruzes'),
  (4995,25,'Mogi Guau'),
  (4996,25,'Mogi-Mirim'),
  (4997,25,'Mombuca'),
  (4998,25,'Mones'),
  (4999,25,'Mongagu'),
  (5000,25,'Monte Alegre do Sul');

COMMIT;

#
# Data for the `cidade` table  (LIMIT 4500,500)
#

INSERT INTO `cidade` (`cid_id`, `est_id`, `cid_nome`) VALUES 
  (5001,25,'Monte Alto'),
  (5002,25,'Monte Aprazvel'),
  (5003,25,'Monte Azul Paulista'),
  (5004,25,'Monte Castelo'),
  (5005,25,'Monte Mor'),
  (5006,25,'Monteiro Lobato'),
  (5007,25,'Morro Agudo'),
  (5008,25,'Morungaba'),
  (5009,25,'Motuca'),
  (5010,25,'Murutinga do Sul'),
  (5011,25,'Nantes'),
  (5012,25,'Narandiba'),
  (5013,25,'Natividade da Serra'),
  (5014,25,'Nazar Paulista'),
  (5015,25,'Neves Paulista'),
  (5016,25,'Nhandeara'),
  (5017,25,'Nipo'),
  (5018,25,'Nova Aliana'),
  (5019,25,'Nova Campina'),
  (5020,25,'Nova Cana Paulista'),
  (5021,25,'Nova Castilho'),
  (5022,25,'Nova Europa'),
  (5023,25,'Nova Granada'),
  (5024,25,'Nova Guataporanga'),
  (5025,25,'Nova Independncia'),
  (5026,25,'Nova Luzitnia'),
  (5027,25,'Nova Odessa'),
  (5028,25,'Novais'),
  (5029,25,'Novo Horizonte'),
  (5030,25,'Nuporanga'),
  (5031,25,'Ocauu'),
  (5032,25,'leo'),
  (5033,25,'Olmpia'),
  (5034,25,'Onda Verde'),
  (5035,25,'Oriente'),
  (5036,25,'Orindiva'),
  (5037,25,'Orlndia'),
  (5038,25,'Osasco'),
  (5039,25,'Oscar Bressane'),
  (5040,25,'Osvaldo Cruz'),
  (5041,25,'Ourinhos'),
  (5042,25,'Ouro Verde'),
  (5043,25,'Ouroeste'),
  (5044,25,'Pacaembu'),
  (5045,25,'Palestina'),
  (5046,25,'Palmares Paulista'),
  (5047,25,'Palmeira d`Oeste'),
  (5048,25,'Palmital'),
  (5049,25,'Panorama'),
  (5050,25,'Paraguau Paulista'),
  (5051,25,'Paraibuna'),
  (5052,25,'Paraso'),
  (5053,25,'Paranapanema'),
  (5054,25,'Paranapu'),
  (5055,25,'Parapu'),
  (5056,25,'Pardinho'),
  (5057,25,'Pariquera-Au'),
  (5058,25,'Parisi'),
  (5059,25,'Patrocnio Paulista'),
  (5060,25,'Paulicia'),
  (5061,25,'Paulnia'),
  (5062,25,'Paulistnia'),
  (5063,25,'Paulo de Faria'),
  (5064,25,'Pederneiras'),
  (5065,25,'Pedra Bela'),
  (5066,25,'Pedranpolis'),
  (5067,25,'Pedregulho'),
  (5068,25,'Pedreira'),
  (5069,25,'Pedrinhas Paulista'),
  (5070,25,'Pedro de Toledo'),
  (5071,25,'Penpolis'),
  (5072,25,'Pereira Barreto'),
  (5073,25,'Pereiras'),
  (5074,25,'Perube'),
  (5075,25,'Piacatu'),
  (5076,25,'Piedade'),
  (5077,25,'Pilar do Sul'),
  (5078,25,'Pindamonhangaba'),
  (5079,25,'Pindorama'),
  (5080,25,'Pinhalzinho'),
  (5081,25,'Piquerobi'),
  (5082,25,'Piquete'),
  (5083,25,'Piracaia'),
  (5084,25,'Piracicaba'),
  (5085,25,'Piraju'),
  (5086,25,'Piraju'),
  (5087,25,'Pirangi'),
  (5088,25,'Pirapora do Bom Jesus'),
  (5089,25,'Pirapozinho'),
  (5090,25,'Pirassununga'),
  (5091,25,'Piratininga'),
  (5092,25,'Pitangueiras'),
  (5093,25,'Planalto'),
  (5094,25,'Platina'),
  (5095,25,'Po'),
  (5096,25,'Poloni'),
  (5097,25,'Pompia'),
  (5098,25,'Ponga'),
  (5099,25,'Pontal'),
  (5100,25,'Pontalinda'),
  (5101,25,'Pontes Gestal'),
  (5102,25,'Populina'),
  (5103,25,'Porangaba'),
  (5104,25,'Porto Feliz'),
  (5105,25,'Porto Ferreira'),
  (5106,25,'Potim'),
  (5107,25,'Potirendaba'),
  (5108,25,'Pracinha'),
  (5109,25,'Pradpolis'),
  (5110,25,'Praia Grande'),
  (5111,25,'Pratnia'),
  (5112,25,'Presidente Alves'),
  (5113,25,'Presidente Bernardes'),
  (5114,25,'Presidente Epitcio'),
  (5115,25,'Presidente Prudente'),
  (5116,25,'Presidente Venceslau'),
  (5117,25,'Promisso'),
  (5118,25,'Quadra'),
  (5119,25,'Quat'),
  (5120,25,'Queiroz'),
  (5121,25,'Queluz'),
  (5122,25,'Quintana'),
  (5123,25,'Rafard'),
  (5124,25,'Rancharia'),
  (5125,25,'Redeno da Serra'),
  (5126,25,'Regente Feij'),
  (5127,25,'Reginpolis'),
  (5128,25,'Registro'),
  (5129,25,'Restinga'),
  (5130,25,'Ribeira'),
  (5131,25,'Ribeiro Bonito'),
  (5132,25,'Ribeiro Branco'),
  (5133,25,'Ribeiro Corrente'),
  (5134,25,'Ribeiro do Sul'),
  (5135,25,'Ribeiro dos ndios'),
  (5136,25,'Ribeiro Grande'),
  (5137,25,'Ribeiro Pires'),
  (5138,25,'Ribeiro Preto'),
  (5139,25,'Rifaina'),
  (5140,25,'Rinco'),
  (5141,25,'Rinpolis'),
  (5142,25,'Rio Claro'),
  (5143,25,'Rio das Pedras'),
  (5144,25,'Rio Grande da Serra'),
  (5145,25,'Riolndia'),
  (5146,25,'Riversul'),
  (5147,25,'Rosana'),
  (5148,25,'Roseira'),
  (5149,25,'Rubicea'),
  (5150,25,'Rubinia'),
  (5151,25,'Sabino'),
  (5152,25,'Sagres'),
  (5153,25,'Sales'),
  (5154,25,'Sales Oliveira'),
  (5155,25,'Salespolis'),
  (5156,25,'Salmouro'),
  (5157,25,'Saltinho'),
  (5158,25,'Salto'),
  (5159,25,'Salto de Pirapora'),
  (5160,25,'Salto Grande'),
  (5161,25,'Sandovalina'),
  (5162,25,'Santa Adlia'),
  (5163,25,'Santa Albertina'),
  (5164,25,'Santa Brbara d`Oeste'),
  (5165,25,'Santa Branca'),
  (5166,25,'Santa Clara d`Oeste'),
  (5167,25,'Santa Cruz da Conceio'),
  (5168,25,'Santa Cruz da Esperana'),
  (5169,25,'Santa Cruz das Palmeiras'),
  (5170,25,'Santa Cruz do Rio Pardo'),
  (5171,25,'Santa Ernestina'),
  (5172,25,'Santa F do Sul'),
  (5173,25,'Santa Gertrudes'),
  (5174,25,'Santa Isabel'),
  (5175,25,'Santa Lcia'),
  (5176,25,'Santa Maria da Serra'),
  (5177,25,'Santa Mercedes'),
  (5178,25,'Santa Rita d`Oeste'),
  (5179,25,'Santa Rita do Passa Quatro'),
  (5180,25,'Santa Rosa de Viterbo'),
  (5181,25,'Santa Salete'),
  (5182,25,'Santana da Ponte Pensa'),
  (5183,25,'Santana de Parnaba'),
  (5184,25,'Santo Anastcio'),
  (5185,25,'Santo Andr'),
  (5186,25,'Santo Antnio da Alegria'),
  (5187,25,'Santo Antnio de Posse'),
  (5188,25,'Santo Antnio do Aracangu'),
  (5189,25,'Santo Antnio do Jardim'),
  (5190,25,'Santo Antnio do Pinhal'),
  (5191,25,'Santo Expedito'),
  (5192,25,'Santpolis do Aguape'),
  (5193,25,'Santos'),
  (5194,25,'So Bento do Sapuca'),
  (5195,25,'So Bernardo do Campo'),
  (5196,25,'So Caetano do Sul'),
  (5197,25,'So Carlos'),
  (5198,25,'So Francisco'),
  (5199,25,'So Joo da Boa Vista'),
  (5200,25,'So Joo das Duas Pontes'),
  (5201,25,'So Joo de Iracema'),
  (5202,25,'So Joo do Pau d`Alho'),
  (5203,25,'So Joaquim da Barra'),
  (5204,25,'So Jos da Bela Vista'),
  (5205,25,'So Jos do Barreiro'),
  (5206,25,'So Jos do Rio Pardo'),
  (5207,25,'So Jos do Rio Preto'),
  (5208,25,'So Jos dos Campos'),
  (5209,25,'So Loureno da Serra'),
  (5210,25,'So Lus do Paraitinga'),
  (5211,25,'So Manuel'),
  (5212,25,'So Miguel Arcanjo'),
  (5213,25,'So Paulo'),
  (5214,25,'So Pedro'),
  (5215,25,'So Pedro do Turvo'),
  (5216,25,'So Roque'),
  (5217,25,'So Sebastio'),
  (5218,25,'So Sebastio da Grama'),
  (5219,25,'So Simo'),
  (5220,25,'So Vicente'),
  (5221,25,'Sarapu'),
  (5222,25,'Sarutai'),
  (5223,25,'Sebastianpolis do Sul'),
  (5224,25,'Serra Azul'),
  (5225,25,'Serra Negra'),
  (5226,25,'Serrana'),
  (5227,25,'Sertozinho'),
  (5228,25,'Sete Barras'),
  (5229,25,'Severnia'),
  (5230,25,'Silveiras'),
  (5231,25,'Socorro'),
  (5232,25,'Sorocaba'),
  (5233,25,'Sud Mennucci'),
  (5234,25,'Sumar'),
  (5235,25,'Suzanpolis'),
  (5236,25,'Suzano'),
  (5237,25,'Tabapu'),
  (5238,25,'Tabatinga'),
  (5239,25,'Taboo da Serra'),
  (5240,25,'Taciba'),
  (5241,25,'Tagua'),
  (5242,25,'Taiau'),
  (5243,25,'Taiva'),
  (5244,25,'Tamba'),
  (5245,25,'Tanabi'),
  (5246,25,'Tapira'),
  (5247,25,'Tapiratiba'),
  (5248,25,'Taquaral'),
  (5249,25,'Taquaritinga'),
  (5250,25,'Taquarituba'),
  (5251,25,'Taquariva'),
  (5252,25,'Tarabai'),
  (5253,25,'Tarum'),
  (5254,25,'Tatu'),
  (5255,25,'Taubat'),
  (5256,25,'Tejup'),
  (5257,25,'Teodoro Sampaio'),
  (5258,25,'Terra Roxa'),
  (5259,25,'Tiet'),
  (5260,25,'Timburi'),
  (5261,25,'Torre de Pedra'),
  (5262,25,'Torrinha'),
  (5263,25,'Trabiju'),
  (5264,25,'Trememb'),
  (5265,25,'Trs Fronteiras'),
  (5266,25,'Tuiuti'),
  (5267,25,'Tup'),
  (5268,25,'Tupi Paulista'),
  (5269,25,'Turiba'),
  (5270,25,'Turmalina'),
  (5271,25,'Ubarana'),
  (5272,25,'Ubatuba'),
  (5273,25,'Ubirajara'),
  (5274,25,'Uchoa'),
  (5275,25,'Unio Paulista'),
  (5276,25,'Urnia'),
  (5277,25,'Uru'),
  (5278,25,'Urups'),
  (5279,25,'Valentim Gentil'),
  (5280,25,'Valinhos'),
  (5281,25,'Valparaso'),
  (5282,25,'Vargem'),
  (5283,25,'Vargem Grande do Sul'),
  (5284,25,'Vargem Grande Paulista'),
  (5285,25,'Vrzea Paulista'),
  (5286,25,'Vera Cruz'),
  (5287,25,'Vinhedo'),
  (5288,25,'Viradouro'),
  (5289,25,'Vista Alegre do Alto'),
  (5290,25,'Vitria Brasil'),
  (5291,25,'Votorantim'),
  (5292,25,'Votuporanga'),
  (5293,25,'Zacarias'),
  (5294,26,'Amparo de So Francisco'),
  (5295,26,'Aquidab'),
  (5296,26,'Aracaju'),
  (5297,26,'Arau'),
  (5298,26,'Areia Branca'),
  (5299,26,'Barra dos Coqueiros'),
  (5300,26,'Boquim'),
  (5301,26,'Brejo Grande'),
  (5302,26,'Campo do Brito'),
  (5303,26,'Canhoba'),
  (5304,26,'Canind de So Francisco'),
  (5305,26,'Capela'),
  (5306,26,'Carira'),
  (5307,26,'Carmpolis'),
  (5308,26,'Cedro de So Joo'),
  (5309,26,'Cristinpolis'),
  (5310,26,'Cumbe'),
  (5311,26,'Divina Pastora'),
  (5312,26,'Estncia'),
  (5313,26,'Feira Nova'),
  (5314,26,'Frei Paulo'),
  (5315,26,'Gararu'),
  (5316,26,'General Maynard'),
  (5317,26,'Gracho Cardoso'),
  (5318,26,'Ilha das Flores'),
  (5319,26,'Indiaroba'),
  (5320,26,'Itabaiana'),
  (5321,26,'Itabaianinha'),
  (5322,26,'Itabi'),
  (5323,26,'Itaporanga d`Ajuda'),
  (5324,26,'Japaratuba'),
  (5325,26,'Japoat'),
  (5326,26,'Lagarto'),
  (5327,26,'Laranjeiras'),
  (5328,26,'Macambira'),
  (5329,26,'Malhada dos Bois'),
  (5330,26,'Malhador'),
  (5331,26,'Maruim'),
  (5332,26,'Moita Bonita'),
  (5333,26,'Monte Alegre de Sergipe'),
  (5334,26,'Muribeca'),
  (5335,26,'Nepolis'),
  (5336,26,'Nossa Senhora Aparecida'),
  (5337,26,'Nossa Senhora da Glria'),
  (5338,26,'Nossa Senhora das Dores'),
  (5339,26,'Nossa Senhora de Lourdes'),
  (5340,26,'Nossa Senhora do Socorro'),
  (5341,26,'Pacatuba'),
  (5342,26,'Pedra Mole'),
  (5343,26,'Pedrinhas'),
  (5344,26,'Pinho'),
  (5345,26,'Pirambu'),
  (5346,26,'Poo Redondo'),
  (5347,26,'Poo Verde'),
  (5348,26,'Porto da Folha'),
  (5349,26,'Propri'),
  (5350,26,'Riacho do Dantas'),
  (5351,26,'Riachuelo'),
  (5352,26,'Ribeirpolis'),
  (5353,26,'Rosrio do Catete'),
  (5354,26,'Salgado'),
  (5355,26,'Santa Luzia do Itanhy'),
  (5356,26,'Santa Rosa de Lima'),
  (5357,26,'Santana do So Francisco'),
  (5358,26,'Santo Amaro das Brotas'),
  (5359,26,'So Cristvo'),
  (5360,26,'So Domingos'),
  (5361,26,'So Francisco'),
  (5362,26,'So Miguel do Aleixo'),
  (5363,26,'Simo Dias'),
  (5364,26,'Siriri'),
  (5365,26,'Telha'),
  (5366,26,'Tobias Barreto'),
  (5367,26,'Tomar do Geru'),
  (5368,26,'Umbaba'),
  (5369,27,'Abreulndia'),
  (5370,27,'Aguiarnpolis'),
  (5371,27,'Aliana do Tocantins'),
  (5372,27,'Almas'),
  (5373,27,'Alvorada'),
  (5374,27,'Anans'),
  (5375,27,'Angico'),
  (5376,27,'Aparecida do Rio Negro'),
  (5377,27,'Aragominas'),
  (5378,27,'Araguacema'),
  (5379,27,'Araguau'),
  (5380,27,'Araguana'),
  (5381,27,'Araguan'),
  (5382,27,'Araguatins'),
  (5383,27,'Arapoema'),
  (5384,27,'Arraias'),
  (5385,27,'Augustinpolis'),
  (5386,27,'Aurora do Tocantins'),
  (5387,27,'Axix do Tocantins'),
  (5388,27,'Babaulndia'),
  (5389,27,'Bandeirantes do Tocantins'),
  (5390,27,'Barra do Ouro'),
  (5391,27,'Barrolndia'),
  (5392,27,'Bernardo Sayo'),
  (5393,27,'Bom Jesus do Tocantins'),
  (5394,27,'Brasilndia do Tocantins'),
  (5395,27,'Brejinho de Nazar'),
  (5396,27,'Buriti do Tocantins'),
  (5397,27,'Cachoeirinha'),
  (5398,27,'Campos Lindos'),
  (5399,27,'Cariri do Tocantins'),
  (5400,27,'Carmolndia'),
  (5401,27,'Carrasco Bonito'),
  (5402,27,'Caseara'),
  (5403,27,'Centenrio'),
  (5404,27,'Chapada da Natividade'),
  (5405,27,'Chapada de Areia'),
  (5406,27,'Colinas do Tocantins'),
  (5407,27,'Colmia'),
  (5408,27,'Combinado'),
  (5409,27,'Conceio do Tocantins'),
  (5410,27,'Couto de Magalhes'),
  (5411,27,'Cristalndia'),
  (5412,27,'Crixs do Tocantins'),
  (5413,27,'Darcinpolis'),
  (5414,27,'Dianpolis'),
  (5415,27,'Divinpolis do Tocantins'),
  (5416,27,'Dois Irmos do Tocantins'),
  (5417,27,'Duer'),
  (5418,27,'Esperantina'),
  (5419,27,'Ftima'),
  (5420,27,'Figueirpolis'),
  (5421,27,'Filadlfia'),
  (5422,27,'Formoso do Araguaia'),
  (5423,27,'Fortaleza do Taboco'),
  (5424,27,'Goianorte'),
  (5425,27,'Goiatins'),
  (5426,27,'Guara'),
  (5427,27,'Gurupi'),
  (5428,27,'Ipueiras'),
  (5429,27,'Itacaj'),
  (5430,27,'Itaguatins'),
  (5431,27,'Itapiratins'),
  (5432,27,'Itapor do Tocantins'),
  (5433,27,'Ja do Tocantins'),
  (5434,27,'Juarina'),
  (5435,27,'Lagoa da Confuso'),
  (5436,27,'Lagoa do Tocantins'),
  (5437,27,'Lajeado'),
  (5438,27,'Lavandeira'),
  (5439,27,'Lizarda'),
  (5440,27,'Luzinpolis'),
  (5441,27,'Marianpolis do Tocantins'),
  (5442,27,'Mateiros'),
  (5443,27,'Maurilndia do Tocantins'),
  (5444,27,'Miracema do Tocantins'),
  (5445,27,'Miranorte'),
  (5446,27,'Monte do Carmo'),
  (5447,27,'Monte Santo do Tocantins'),
  (5448,27,'Muricilndia'),
  (5449,27,'Natividade'),
  (5450,27,'Nazar'),
  (5451,27,'Nova Olinda'),
  (5452,27,'Nova Rosalndia'),
  (5453,27,'Novo Acordo'),
  (5454,27,'Novo Alegre'),
  (5455,27,'Novo Jardim'),
  (5456,27,'Oliveira de Ftima'),
  (5457,27,'Palmas'),
  (5458,27,'Palmeirante'),
  (5459,27,'Palmeiras do Tocantins'),
  (5460,27,'Palmeirpolis'),
  (5461,27,'Paraso do Tocantins'),
  (5462,27,'Paran'),
  (5463,27,'Pau d`Arco'),
  (5464,27,'Pedro Afonso'),
  (5465,27,'Peixe'),
  (5466,27,'Pequizeiro'),
  (5467,27,'Pindorama do Tocantins'),
  (5468,27,'Piraqu'),
  (5469,27,'Pium'),
  (5470,27,'Ponte Alta do Bom Jesus'),
  (5471,27,'Ponte Alta do Tocantins'),
  (5472,27,'Porto Alegre do Tocantins'),
  (5473,27,'Porto Nacional'),
  (5474,27,'Praia Norte'),
  (5475,27,'Presidente Kennedy'),
  (5476,27,'Pugmil'),
  (5477,27,'Recursolndia'),
  (5478,27,'Riachinho'),
  (5479,27,'Rio da Conceio'),
  (5480,27,'Rio dos Bois'),
  (5481,27,'Rio Sono'),
  (5482,27,'Sampaio'),
  (5483,27,'Sandolndia'),
  (5484,27,'Santa F do Araguaia'),
  (5485,27,'Santa Maria do Tocantins'),
  (5486,27,'Santa Rita do Tocantins'),
  (5487,27,'Santa Rosa do Tocantins'),
  (5488,27,'Santa Tereza do Tocantins'),
  (5489,27,'Santa Terezinha do Tocantins'),
  (5490,27,'So Bento do Tocantins'),
  (5491,27,'So Flix do Tocantins'),
  (5492,27,'So Miguel do Tocantins'),
  (5493,27,'So Salvador do Tocantins'),
  (5494,27,'So Sebastio do Tocantins'),
  (5495,27,'So Valrio da Natividade'),
  (5496,27,'Silvanpolis'),
  (5497,27,'Stio Novo do Tocantins'),
  (5498,27,'Sucupira'),
  (5499,27,'Taguatinga'),
  (5500,27,'Taipas do Tocantins');

COMMIT;

#
# Data for the `usuario` table  (LIMIT 0,500)
#

INSERT INTO `usuario` (`usu_id`, `cid_id`, `usu_nome`, `usu_email`, `usu_ativo`) VALUES 
  (1,269,'Jabinadabe','jab@email.com',1),
  (2,269,'Leonardo','leo@email.com',1),
  (3,291,'Elenildo','ele@email.com',1),
  (4,4548,'Bianca','bia@email.com',1),
  (5,3631,'Edson','eds@email.com',1);

COMMIT;

